sampleID,allele1,allele2,allele1_size,allele2_size,read_depth_allele1,read_depth_allele2
0a72af4741b76616d55b25d2e9d519ef5b0,(CGC)1(AGC)3(GGC)3(CGC)1(GGC)1(AGC)1(GGC)4(AGC)1(GGC)1(AGC)1(GGC)2(AGC)1,(CGC)1(AGC)3(GGC)3(CGC)1(GGC)1(AGC)1(GGC)4(AGC)1(GGC)1(AGC)1(GGC)2(AGC)1,20,20,24,24
0c0ac80c25bf88c16f17d62d30b7fe00f7c,(CGC)1(AGC)3(GGC)3(CGC)1(GGC)1(AGC)1(GGC)4(AGC)1(GGC)1(AGC)1(GGC)2(AGC)1,(CGC)1(AGC)3(GGC)3(CGC)1(GGC)1(AGC)1(GGC)4(AGC)1(GGC)1(AGC)1(GGC)2(AGC)1,20,20,14,14
0ef3c2636c7badfb4d0a77792a6f2ec7ee6,(CGC)1(AGC)3(GGC)3(CGC)1(GGC)1(AGC)2(GGC)3(CGC)1(GGC)1(AGC)1(GGC)2(AGC)1,(CGC)1(AGC)3(GGC)3(CGC)1(GGC)1(AGC)1(GGC)4(AGC)1(GGC)1(AGC)1(GGC)2(AGC)1,20,20,8,4
1a4359fb9a9681913194ab482487f692065,(CGC)1(AGC)3(GGC)3(CGC)1(GGC)1(AGC)1(GGC)4(AGC)1(GGC)1(AGC)1(GGC)2(AGC)1,(CGC)1(AGC)3(GGC)3(CGC)1(GGC)1(AGC)1(GGC)4(AGC)1(GGC)1(AGC)1(GGC)2(AGC)1,20,20,13,13
1ed6f75e1b9c5ce4652326abfbd2ad577ca,(CGC)1(AGC)3(GGC)3(CGC)1(GGC)1(AGC)1(GGC)4(AGC)1(GGC)1(AGC)1(GGC)2(AGC)1,(CGC)1(AGC)3(GGC)3(CGC)1(GGC)1(AGC)1(GGC)4(AGC)1(GGC)1(AGC)1(GGC)2(AGC)1,20,20,5,5
02b2c88c290bd93743422c234fc8869223c,(CGC)1(AGC)3(GGC)3(CGC)1(GGC)1(AGC)1(GGC)4(AGC)1(GGC)1(AGC)1(GGC)2(AGC)1,(CGC)1(AGC)3(GGC)3(CGC)1(GGC)1(AGC)1(GGC)4(AGC)1(GGC)1(AGC)1(GGC)2(AGC)1,20,20,16,16
2cb462e821d9db6434934a76bfcea29759c,(CGC)1(AGC)3(GGC)3(CGC)1(GGC)1(AGC)1(GGC)4(AGC)1(GGC)1(AGC)1(GGC)2(AGC)1,(CGC)1(AGC)3(GGC)3(CGC)1(GGC)1(AGC)1(GGC)4(AGC)1(GGC)1(AGC)1(GGC)2(AGC)1,20,20,12,12
03a9ac65ffc1bc3e8b71548c8283dd6fb09,(CGC)1(AGC)3(GGC)3(CGC)1(GGC)1(AGC)1(GGC)4(AGC)1(GGC)1(AGC)1(GGC)2(AGC)1,(CGC)1(AGC)3(GGC)3(CGC)1(GGC)1(AGC)1(GGC)4(AGC)1(GGC)1(AGC)1(GGC)2(AGC)1,20,20,7,7
3cc3213f7c6dc6b9fc8118805cee30ee83a,(CGC)1(AGC)3(GGC)3(CGC)1(GGC)1(AGC)1(GGC)4(AGC)1(GGC)1(AGC)1(GGC)2(AGC)1,NA,20,NA,12,NA
4ab32a53de00b7f0b2f4daa94175579294f,(CGC)1(AGC)3(GGC)3(CGC)1(GGC)1(AGC)1(GGC)4(AGC)1(GGC)1(AGC)1(GGC)2(AGC)1,(CGC)1(AGC)3(GGC)3(CGC)1(GGC)1(AGC)1(GGC)4(AGC)1(GGC)1(AGC)1(GGC)2(AGC)1,20,20,8,8
4d20bdc0cc47c1bd745a5ac3210d1a78dc8,(CGC)1(AGC)3(GGC)3(CGC)1(GGC)1(AGC)1(GGC)4(AGC)1(GGC)1(AGC)1(GGC)2(AGC)1,(CGC)1(AGC)3(GGC)3(CGC)1(GGC)1(AGC)1(GGC)4(AGC)1(GGC)1(AGC)1(GGC)2(AGC)1,20,20,14,14
4ea81c47a786574263556b6cd6a9ab06453,(CGC)1(AGC)3(GGC)3(CGC)1(GGC)1(AGC)1(GGC)4(AGC)1(GGC)1(AGC)1(GGC)2(AGC)1,(CGC)1(AGC)3(GGC)3(CGC)1(GGC)1(AGC)1(GGC)4(AGC)1(GGC)1(AGC)1(GGC)2(AGC)1,20,20,21,21
5a71529fe8a75c7e9cc9ad09f7884821c28,(CGC)1(AGC)3(GGC)3(CGC)1(GGC)1(AGC)1(GGC)4(AGC)1(GGC)1(AGC)1(GGC)2(AGC)1,(CGC)1(AGC)3(GGC)3(CGC)1(GGC)1(AGC)1(GGC)4(AGC)1(GGC)1(AGC)1(GGC)2(AGC)1,20,20,15,15
5b0b7f7f42b5ae49cd0726b52b14d996d4f,(CGC)1(AGC)3(GGC)3(CGC)1(GGC)1(AGC)1(GGC)4(AGC)1(GGC)1(AGC)1(GGC)2(AGC)1,(CGC)1(AGC)3(GGC)3(CGC)1(GGC)1(AGC)1(GGC)4(AGC)1(GGC)1(AGC)1(GGC)2(AGC)1,20,20,18,18
5f0319cf6ec9ea578841badfffd41d16349,(CGC)1(AGC)3(GGC)3(CGC)1(GGC)1(AGC)1(GGC)4(AGC)1(GGC)1(AGC)1(GGC)2(AGC)1,NA,20,NA,15,NA
6ae7386781cc9c7792e0f1bcf6993f4d8d9,(CGC)1(AGC)3(GGC)3(CGC)1(GGC)1(AGC)1(GGC)4(AGC)1(GGC)1(AGC)1(GGC)2(AGC)1,(CGC)1(AGC)3(GGC)3(CGC)1(GGC)1(AGC)1(GGC)4(AGC)1(GGC)1(AGC)1(GGC)2(AGC)1,20,20,10,10
6b2426500978aee06e40838fe9ca51bc137,(CGC)1(AGC)3(GGC)3(CGC)1(GGC)1(AGC)1(GGC)4(AGC)1(GGC)1(AGC)1(GGC)2(AGC)1,(CGC)1(AGC)3(GGC)3(CGC)1(GGC)1(AGC)1(GGC)4(AGC)1(GGC)1(AGC)1(GGC)2(AGC)1,20,20,17,17
6bf64de538fb0569192a6f3bd1ab489bbf0,(CGC)1(AGC)3(GGC)3(CGC)1(GGC)1(AGC)1(GGC)4(CGC)1(GGC)1(AGC)1(GGC)2(AGC)1,(CGC)1(AGC)3(GGC)3(CGC)1(GGC)1(AGC)1(GGC)4(CGC)1(GGC)1(AGC)1(GGC)2(AGC)1,20,20,15,15
6c7d4f213d7bd6bf044e575cc46e4492cc7,(CGC)1(AGC)3(GGC)3(CGC)1(GGC)1(AGC)1(GGC)4(AGC)1(GGC)1(AGC)1(GGC)2(AGC)1,(CGC)1(AGC)3(GGC)3(CGC)1(GGC)1(AGC)1(GGC)4(AGC)1(GGC)1(AGC)1(GGC)2(AGC)1,20,20,12,12
06e5480fb3c23d6a560e5f088eddd99b0ab,(CGC)1(AGC)3(GGC)3(CGC)1(GGC)1(AGC)1(GGC)4(AGC)1(GGC)1(AGC)1(GGC)2(AGC)1,(CGC)1(AGC)3(GGC)3(CGC)1(GGC)1(AGC)2(GGC)3(AGC)1(GGC)1(AGC)1(GGC)2(AGC)1,20,20,5,4
7b1be41199eefb7dba633b01b8f60bceb48,(CGC)1(AGC)3(GGC)3(CGC)1(GGC)1(AGC)1(GGC)4(AGC)1(GGC)1(AGC)1(GGC)2(AGC)1,(CGC)1(AGC)3(GGC)3(CGC)1(GGC)1(AGC)1(GGC)4(AGC)1(GGC)1(AGC)1(GGC)2(AGC)1,20,20,16,16
7bb1433a50a60ce8dbe28643f201c54fb96,(CGC)1(AGC)3(GGC)3(CGC)1(GGC)1(AGC)1(GGC)4(AGC)1(GGC)1(AGC)1(GGC)2(AGC)1,(CGC)1(AGC)3(GGC)3(CGC)1(GGC)1(AGC)1(GGC)4(AGC)1(GGC)1(AGC)1(GGC)2(AGC)1,20,20,14,14
7e17e26cb8ca1ab4dbd150ea9058451bd6b,(CGC)1(AGC)3(GGC)3(CGC)1(GGC)1(AGC)1(GGC)4(AGC)1(GGC)1(AGC)1(GGC)2(AGC)1,(CGC)1(AGC)3(GGC)3(CGC)1(GGC)1(AGC)1(GGC)4(AGC)1(GGC)1(AGC)1(GGC)2(AGC)1,20,20,27,27
7e521c025f36918d4f5e3b9b13e2ca02c98,(CGC)1(AGC)3(GGC)3(CGC)1(GGC)1(AGC)1(GGC)4(AGC)1(GGC)1(AGC)1(GGC)2(AGC)1,NA,20,NA,13,NA
8c8bcda4f3b7f740471484ef484ed5c303b,(CGC)1(AGC)3(GGC)3(CGC)1(GGC)1(AGC)1(GGC)4(AGC)1(GGC)1(AGC)1(GGC)2(AGC)1,(CGC)1(AGC)3(GGC)3(CGC)1(GGC)1(AGC)1(GGC)4(AGC)1(GGC)1(AGC)1(GGC)2(AGC)1,20,20,15,15
9a0df2a240f7caca87841ecb40d34e5385f,(CGC)1(AGC)3(GGC)3(CGC)1(GGC)1(AGC)1(GGC)4(AGC)1(GGC)1(AGC)1(GGC)2(AGC)1,(CGC)1(AGC)3(GGC)3(CGC)1(GGC)1(AGC)1(GGC)4(AGC)1(GGC)1(AGC)1(GGC)2(AGC)1,20,20,13,13
9e2b380afa94fec39e3c1e7153416a65b75,(CGC)1(AGC)3(GGC)3(CGC)1(GGC)1(AGC)2(GGC)3(AGC)1(GGC)1(AGC)1(GGC)2(AGC)1,(CGC)1(AGC)3(GGC)3(CGC)1(GGC)1(AGC)2(GGC)3(CGC)1(GGC)1(AGC)1(GGC)2(AGC)1,20,20,6,3
9e634ff41e4c947d43158913a1fd38c2dce,(CGC)1(AGC)3(GGC)3(CGC)1(GGC)1(AGC)1(GGC)4(AGC)1(GGC)1(AGC)1(GGC)2(AGC)1,(CGC)1(AGC)3(GGC)3(CGC)1(GGC)1(AGC)1(GGC)4(AGC)1(GGC)1(AGC)1(GGC)2(AGC)1,20,20,16,16
016bd7b1fae0448b028419c644da096cc98,(CGC)1(AGC)3(GGC)3(CGC)1(GGC)1(AGC)1(GGC)4(AGC)1(GGC)1(AGC)1(GGC)2(AGC)1,(CGC)1(AGC)3(GGC)3(CGC)1(GGC)1(AGC)1(GGC)4(AGC)1(GGC)1(AGC)1(GGC)2(AGC)1,20,20,13,13
17d52d0c03f5b481277c78561736931619a,(CGC)1(AGC)3(GGC)3(CGC)1(GGC)1(AGC)1(GGC)4(AGC)1(GGC)1(AGC)1(GGC)2(AGC)1,(CGC)1(AGC)3(GGC)3(CGC)1(GGC)1(AGC)1(GGC)4(AGC)1(GGC)1(AGC)1(GGC)2(AGC)1,20,20,19,19
30f209a6e52cbbe9e3851ae58999773c0ad,(CGC)1(AGC)3(GGC)3(CGC)1(GGC)1(AGC)1(GGC)4(AGC)1(GGC)1(AGC)1(GGC)2(AGC)1,(CGC)1(AGC)3(GGC)3(CGC)1(GGC)1(AGC)1(GGC)4(AGC)1(GGC)1(AGC)1(GGC)2(AGC)1,20,20,12,12
36f5bfe5bd3895a16456299ea8c0db30487,(CGC)1(AGC)3(GGC)3(CGC)1(GGC)1(AGC)1(GGC)4(AGC)1(GGC)1(AGC)1(GGC)2(AGC)1,(CGC)1(AGC)3(GGC)3(CGC)1(GGC)1(AGC)1(GGC)4(AGC)1(GGC)1(AGC)1(GGC)2(AGC)1,20,20,11,11
43f353f81bc7be106b40eef7e4297445e3a,(CGC)1(AGC)3(GGC)3(CGC)1(GGC)1(AGC)1(GGC)4(AGC)1(GGC)1(AGC)1(GGC)2(AGC)1,(CGC)1(AGC)3(GGC)3(CGC)1(GGC)1(AGC)1(GGC)4(CGC)1(GGC)1(AGC)1(GGC)2(AGC)1,20,20,7,8
58cc03f35a7811b1add18030e57323fad26,(CGC)1(AGC)3(GGC)3(CGC)1(GGC)1(AGC)1(GGC)4(AGC)1(GGC)1(AGC)1(GGC)2(AGC)1,(CGC)1(AGC)3(GGC)3(CGC)1(GGC)1(AGC)1(GGC)4(AGC)1(GGC)1(AGC)1(GGC)2(AGC)1,20,20,21,21
059d5aa1050f185ae32fef557242e9d224d,(CGC)1(AGC)3(GGC)3(CGC)1(GGC)1(AGC)1(GGC)4(AGC)1(GGC)1(AGC)1(GGC)2(AGC)1,(CGC)1(AGC)3(GGC)3(CGC)1(GGC)1(AGC)1(GGC)4(AGC)1(GGC)1(AGC)1(GGC)2(AGC)1,20,20,13,13
62b04e8dc98f5a67f9271e3a0db7488855f,(CGC)1(AGC)3(GGC)3(CGC)1(GGC)1(AGC)1(GGC)4(AGC)1(GGC)1(AGC)1(GGC)2(AGC)1,(CGC)1(AGC)3(GGC)3(CGC)1(GGC)1(AGC)1(GGC)4(AGC)1(GGC)1(AGC)1(GGC)2(AGC)1,20,20,24,24
77cdddda64e11f9f8ccd8da6a84b7799ae9,(CGC)1(AGC)3(GGC)3(CGC)1(GGC)1(AGC)1(GGC)4(AGC)1(GGC)1(AGC)1(GGC)2(AGC)1,NA,20,NA,19,NA
081dc7c8585ab504e5182d6a086c70ae331,(CGC)1(AGC)3(GGC)3(CGC)1(GGC)1(AGC)1(GGC)4(AGC)1(GGC)1(AGC)1(GGC)2(AGC)1,(CGC)1(AGC)3(GGC)3(CGC)1(GGC)1(AGC)1(GGC)4(AGC)1(GGC)1(AGC)1(GGC)2(AGC)1,20,20,17,17
90f682cbdfebfa4f7659619f2af1ceedd9e,(CGC)1(AGC)3(GGC)3(CGC)1(GGC)1(AGC)1(GGC)4(AGC)1(GGC)1(AGC)1(GGC)2(AGC)1,(CGC)1(AGC)3(GGC)3(CGC)1(GGC)1(AGC)1(GGC)4(AGC)1(GGC)1(AGC)1(GGC)2(AGC)1,20,20,17,17
227e173df76a27b02220f4d12738a85f5b0,(CGC)1(AGC)3(GGC)3(CGC)1(GGC)1(AGC)1(GGC)4(AGC)1(GGC)1(AGC)1(GGC)2(AGC)1,(CGC)1(AGC)3(GGC)3(CGC)1(GGC)1(AGC)1(GGC)4(AGC)1(GGC)1(AGC)1(GGC)2(AGC)1,20,20,13,13
244badf146a3dadb918bf7a24fa3c7372b4,(CGC)1(AGC)3(GGC)3(CGC)1(GGC)1(AGC)1(GGC)4(AGC)1(GGC)1(AGC)1(GGC)2(AGC)1,(CGC)1(AGC)3(GGC)3(CGC)1(GGC)1(AGC)1(GGC)4(AGC)1(GGC)1(AGC)1(GGC)2(AGC)1,20,20,21,21
283ba9e5412bf3e7e27e09dae2decae5ade,(CGC)1(AGC)3(GGC)3(CGC)1(GGC)1(AGC)1(GGC)4(AGC)1(GGC)1(AGC)1(GGC)2(AGC)1,(CGC)1(AGC)3(GGC)3(CGC)1(GGC)1(AGC)1(GGC)4(AGC)1(GGC)1(AGC)1(GGC)2(AGC)1,20,20,28,28
601d4175e2cfee2b29b0fb7e73d35ef652b,(CGC)1(AGC)3(GGC)3(CGC)1(GGC)1(AGC)1(GGC)4(AGC)1(GGC)1(AGC)1(GGC)2(AGC)1,(CGC)1(AGC)3(GGC)3(CGC)1(GGC)1(AGC)1(GGC)4(AGC)1(GGC)1(AGC)1(GGC)2(AGC)1,20,20,9,9
678d342cbd0577bd14aa737b525e815084b,(CGC)1(AGC)3(GGC)3(CGC)1(GGC)1(AGC)1(GGC)4(AGC)1(GGC)1(AGC)1(GGC)2(AGC)1,(CGC)1(AGC)3(GGC)3(CGC)1(GGC)1(AGC)1(GGC)4(AGC)1(GGC)1(AGC)1(GGC)2(AGC)1,20,20,16,16
760d02087375ead7d83af8f6095e02638ed,(CGC)1(AGC)3(GGC)3(CGC)1(GGC)1(AGC)1(GGC)4(AGC)1(GGC)1(AGC)1(GGC)2(AGC)1,(CGC)1(AGC)3(GGC)3(CGC)1(GGC)1(AGC)1(GGC)4(AGC)1(GGC)1(AGC)1(GGC)2(AGC)1,20,20,16,16
802c8c5ca460fe325ba97cc766299f2b1a4,(CGC)1(AGC)3(GGC)3(CGC)1(GGC)1(AGC)1(GGC)4(AGC)1(GGC)1(AGC)1(GGC)2(AGC)1,(CGC)1(AGC)3(GGC)3(CGC)1(GGC)1(AGC)1(GGC)4(AGC)1(GGC)1(AGC)1(GGC)2(AGC)1,20,20,13,13
864de4382e7640e22a94a55fa02028310d4,(CGC)1(AGC)3(GGC)3(CGC)1(GGC)1(AGC)1(GGC)4(AGC)1(GGC)1(AGC)1(GGC)2(AGC)1,NA,20,NA,4,NA
969d5e0feb0aac1e0dbf24e2694fca3bcdf,(CGC)1(AGC)3(GGC)3(CGC)1(GGC)1(AGC)1(GGC)4(AGC)1(GGC)1(AGC)1(GGC)2(AGC)1,(CGC)1(AGC)3(GGC)3(CGC)1(GGC)1(AGC)1(GGC)4(AGC)1(GGC)1(AGC)1(GGC)2(AGC)1,20,20,12,12
978ae82462671a98190cbc8cc28a9d4d884,(CGC)1(AGC)3(GGC)3(CGC)1(GGC)1(AGC)1(GGC)4(AGC)1(GGC)1(AGC)1(GGC)2(AGC)1,(CGC)1(AGC)3(GGC)3(CGC)1(GGC)1(AGC)1(GGC)4(AGC)1(GGC)1(AGC)1(GGC)2(AGC)1,20,20,16,16
1783b3b34ababdebe7e668f35927ee114bf,(CGC)1(AGC)3(GGC)3(CGC)1(GGC)1(AGC)1(GGC)4(AGC)1(GGC)1(AGC)1(GGC)2(AGC)1,(CGC)1(AGC)3(GGC)3(CGC)1(GGC)1(AGC)1(GGC)4(AGC)1(GGC)1(AGC)1(GGC)2(AGC)1,20,20,20,20
4618d56179548d5aebb6fa1a4501cffaa64,(CGC)1(AGC)3(GGC)3(CGC)1(GGC)1(AGC)1(GGC)4(AGC)1(GGC)1(AGC)1(GGC)2(AGC)1,(CGC)1(AGC)3(GGC)3(CGC)1(GGC)1(AGC)1(GGC)4(AGC)1(GGC)1(AGC)1(GGC)2(AGC)1,20,20,28,28
6045b519fc1ec7e1b2e2f499c33416b21f0,(CGC)1(AGC)3(GGC)3(CGC)1(GGC)1(AGC)1(GGC)4(AGC)1(GGC)1(AGC)1(GGC)2(AGC)1,(CGC)1(AGC)3(GGC)3(CGC)1(GGC)1(AGC)1(GGC)4(AGC)1(GGC)1(AGC)1(GGC)2(AGC)1,20,20,15,15
6234c66b38956f8141c5ac251d819a65dd9,(CGC)1(AGC)3(GGC)3(CGC)1(GGC)1(AGC)1(GGC)4(AGC)1(GGC)1(AGC)1(GGC)2(AGC)1,(CGC)1(AGC)3(GGC)3(CGC)1(GGC)1(AGC)1(GGC)4(AGC)1(GGC)1(AGC)1(GGC)2(AGC)1,20,20,10,10
7511d65e38512fe9ee1c63bba5bee5ec002,(CGC)1(AGC)3(GGC)3(CGC)1(GGC)1(AGC)1(GGC)4(AGC)1(GGC)1(AGC)1(GGC)2(AGC)1,(CGC)1(AGC)3(GGC)3(CGC)1(GGC)1(AGC)1(GGC)4(AGC)1(GGC)1(AGC)1(GGC)2(AGC)1,20,20,23,23
8247a1f36d86276ae68e0663c779a652097,(CGC)1(AGC)3(GGC)3(CGC)1(GGC)1(AGC)1(GGC)4(AGC)1(GGC)1(AGC)1(GGC)2(AGC)1,(CGC)1(AGC)3(GGC)3(CGC)1(GGC)1(AGC)1(GGC)4(AGC)1(GGC)1(AGC)1(GGC)2(AGC)1,20,20,7,7
9341a4889474f37c3f5c3920041c338a469,(CGC)1(AGC)3(GGC)3(CGC)1(GGC)1(AGC)1(GGC)4(CGC)1(GGC)1(AGC)1(GGC)2(AGC)1,(CGC)1(AGC)3(GGC)3(CGC)1(GGC)1(AGC)1(GGC)4(AGC)1(GGC)1(AGC)1(GGC)2(AGC)1,20,20,7,7
74856a44944fadefa819bfc69744ee36bda,(CGC)1(AGC)3(GGC)3(CGC)1(GGC)1(AGC)1(GGC)4(AGC)1(GGC)1(AGC)1(GGC)2(AGC)1,NA,20,NA,13,NA
171935d695354716bbbbd79bea1ae2ee243,(CGC)1(AGC)3(GGC)3(CGC)1(GGC)1(AGC)1(GGC)4(AGC)1(GGC)1(AGC)1(GGC)2(AGC)1,(CGC)1(AGC)3(GGC)3(CGC)1(GGC)1(AGC)1(GGC)4(AGC)1(GGC)1(AGC)1(GGC)2(AGC)1,20,20,15,15
447903aca05478bd427a65cdb79958a620a,(CGC)1(AGC)3(GGC)3(CGC)1(GGC)1(AGC)1(GGC)4(AGC)1(GGC)1(AGC)1(GGC)2(AGC)1,(CGC)1(AGC)3(GGC)3(CGC)1(GGC)1(AGC)1(GGC)4(AGC)1(GGC)1(AGC)1(GGC)2(AGC)1,20,20,17,17
462187e112bfc855c4e44fb7be1b9a5b0fd,(CGC)1(AGC)3(GGC)3(CGC)1(GGC)1(AGC)1(GGC)4(AGC)1(GGC)1(AGC)1(GGC)2(AGC)1,NA,20,NA,7,NA
786628ef09af41167214d8df70f758d1b30,(CGC)1(AGC)3(GGC)3(CGC)1(GGC)1(AGC)1(GGC)4(AGC)1(GGC)1(AGC)1(GGC)2(AGC)1,(CGC)1(AGC)3(GGC)3(CGC)1(GGC)1(AGC)1(GGC)4(AGC)1(GGC)1(AGC)1(GGC)2(AGC)1,20,20,17,17
00858023de4bc98e6782bb0c88e7d789bce,(CGC)1(AGC)3(GGC)3(CGC)1(GGC)1(AGC)1(GGC)4(AGC)1(GGC)1(AGC)1(GGC)2(AGC)1,(CGC)1(AGC)3(GGC)3(CGC)1(GGC)1(AGC)1(GGC)4(AGC)1(GGC)1(AGC)1(GGC)2(AGC)1,20,20,7,7
1334076b1bc52d07cd318cb2ec646a3046d,(CGC)1(AGC)3(GGC)3(CGC)1(GGC)1(AGC)1(GGC)4(AGC)1(GGC)1(AGC)1(GGC)2(AGC)1,(CGC)1(AGC)3(GGC)3(CGC)1(GGC)1(AGC)1(GGC)4(AGC)1(GGC)1(AGC)1(GGC)2(AGC)1,20,20,8,8
62583985496fa4c73e4aaec33df5b97e30a,(CGC)1(AGC)3(GGC)3(CGC)1(GGC)1(AGC)1(GGC)4(AGC)1(GGC)1(AGC)1(GGC)2(AGC)1,(CGC)1(AGC)3(GGC)3(CGC)1(GGC)1(AGC)1(GGC)4(AGC)1(GGC)1(AGC)1(GGC)2(AGC)1,20,20,20,20
a0e5b377ff705fad02ffd9f5b2348ae0992,(CGC)1(AGC)3(GGC)3(CGC)1(GGC)1(AGC)1(GGC)4(AGC)1(GGC)1(AGC)1(GGC)2(AGC)1,(CGC)1(AGC)3(GGC)3(CGC)1(GGC)1(AGC)1(GGC)4(AGC)1(GGC)1(AGC)1(GGC)2(AGC)1,20,20,22,22
a10b0edc814498d50e2a91e5a4e33bb6216,(CGC)1(AGC)3(GGC)3(CGC)1(GGC)1(AGC)1(GGC)4(AGC)1(GGC)1(AGC)1(GGC)2(AGC)1,NA(indel detected),20,NA,21,NA
acd92ad5c395d366f1cf628be2ecfff2c36,(CGC)1(AGC)3(GGC)3(CGC)1(GGC)1(AGC)1(GGC)4(AGC)1(GGC)1(AGC)1(GGC)2(AGC)1,(CGC)1(AGC)3(GGC)3(CGC)1(GGC)1(AGC)1(GGC)4(AGC)1(GGC)1(AGC)1(GGC)2(AGC)1,20,20,17,17
af6290583511ca3bfdc700ec9339f5562ee,(CGC)1(AGC)3(GGC)3(CGC)1(GGC)1(AGC)1(GGC)4(AGC)1(GGC)1(AGC)1(GGC)2(AGC)1,(CGC)1(AGC)3(GGC)3(CGC)1(GGC)1(AGC)1(GGC)4(AGC)1(GGC)1(AGC)1(GGC)2(AGC)1,20,20,23,23
afaaaa43c56459a0548197b2672c5aecb0f,(CGC)1(AGC)3(GGC)3(CGC)1(GGC)1(AGC)1(GGC)4(AGC)1(GGC)1(AGC)1(GGC)2(AGC)1,(CGC)1(AGC)3(GGC)3(CGC)1(GGC)1(AGC)1(GGC)4(AGC)1(GGC)1(AGC)1(GGC)2(AGC)1,20,20,15,15
b7a00c933f82b8902ad905ba2144ebfdee2,(CGC)1(AGC)3(GGC)3(CGC)1(GGC)1(AGC)1(GGC)4(AGC)1(GGC)1(AGC)1(GGC)2(AGC)1,(CGC)1(AGC)3(GGC)3(CGC)1(GGC)1(AGC)1(GGC)4(AGC)1(GGC)1(AGC)1(GGC)2(AGC)1,20,20,18,18
b2608a0a6e535176817cc24af7acc34fec2,(CGC)1(AGC)3(GGC)3(CGC)1(GGC)1(AGC)1(GGC)4(AGC)1(GGC)1(AGC)1(GGC)2(AGC)1,(CGC)1(AGC)3(GGC)3(CGC)1(GGC)1(AGC)1(GGC)4(AGC)1(GGC)1(AGC)1(GGC)2(AGC)1,20,20,25,25
baee086b6d1d183e5f7fb844a8911381b1a,(CGC)1(AGC)3(GGC)3(CGC)1(GGC)1(AGC)1(GGC)4(AGC)1(GGC)1(AGC)1(GGC)2(AGC)1,NA,20,NA,11,NA
bbc76871410d42381afb9caff513b726bc4,(CGC)1(AGC)3(GGC)3(CGC)1(GGC)1(AGC)1(GGC)4(AGC)1(GGC)1(AGC)1(GGC)2(AGC)1,(CGC)1(AGC)3(GGC)3(CGC)1(GGC)1(AGC)1(GGC)4(CGC)1(GGC)1(AGC)1(GGC)2(AGC)1,20,20,15,8
bcad71a0d318b8b5d1e6e5015dd53267f07,(CGC)1(AGC)3(GGC)3(CGC)1(GGC)1(AGC)1(GGC)4(AGC)1(GGC)1(AGC)1(GGC)2(AGC)1,(CGC)1(AGC)3(GGC)3(CGC)1(GGC)1(AGC)1(GGC)4(AGC)1(GGC)1(AGC)1(GGC)2(AGC)1,20,20,18,18
bceff47e036844aab06231cf1d957a1bd2d,(CGC)1(AGC)3(GGC)3(CGC)1(GGC)1(AGC)1(GGC)4(AGC)1(GGC)1(AGC)1(GGC)2(AGC)1,(CGC)1(AGC)3(GGC)3(CGC)1(GGC)1(AGC)1(GGC)4(AGC)1(GGC)1(AGC)1(GGC)2(AGC)1,20,20,15,15
bdc4c15f1dadfbb0284617ba385775f4a3e,(CGC)1(AGC)3(GGC)3(CGC)1(GGC)1(AGC)1(GGC)4(AGC)1(GGC)1(AGC)1(GGC)2(AGC)1,(CGC)1(AGC)3(GGC)3(CGC)1(GGC)1(AGC)1(GGC)4(AGC)1(GGC)1(AGC)1(GGC)2(AGC)1,20,20,28,28
bdc192f920e4eed678d6ef7c01f19fc7c18,(CGC)1(AGC)3(GGC)3(CGC)1(GGC)1(AGC)1(GGC)4(AGC)1(GGC)1(AGC)1(GGC)2(AGC)1,(CGC)1(AGC)3(GGC)3(CGC)1(GGC)1(AGC)1(GGC)4(AGC)1(GGC)1(AGC)1(GGC)2(AGC)1,20,20,10,10
c3ae63c2ed932cd4dee2bc0799d11858e0e,(CGC)1(AGC)3(GGC)3(CGC)1(GGC)1(AGC)1(GGC)4(AGC)1(GGC)1(AGC)1(GGC)2(AGC)1,(CGC)1(AGC)3(GGC)3(CGC)1(GGC)1(AGC)1(GGC)4(AGC)1(GGC)1(AGC)1(GGC)2(AGC)1,20,20,26,26
c406578dfdc4d6043764d83ea4d38fff898,(CGC)1(AGC)3(GGC)3(CGC)1(GGC)1(AGC)1(GGC)4(AGC)1(GGC)1(AGC)1(GGC)2(AGC)1,NA,20,NA,14,NA
ca9e1146d0b661056405f06cf2573d298ca,(CGC)1(AGC)3(GGC)3(CGC)1(GGC)1(AGC)1(GGC)4(AGC)1(GGC)1(AGC)1(GGC)2(AGC)1,NA,20,NA,3,NA
cc825ab1f7d084db7406314cf4cdefd511a,(CGC)1(AGC)3(GGC)3(CGC)1(GGC)1(AGC)1(GGC)4(CGC)1(GGC)1(AGC)1(GGC)2(AGC)1,NA(indel detected),20,NA,11,NA
cde27b46f19daf48d17f2e2181cc8134277,(CGC)1(AGC)3(GGC)3(CGC)1(GGC)1(AGC)1(GGC)4(AGC)1(GGC)1(AGC)1(GGC)2(AGC)1,(CGC)1(AGC)3(GGC)3(CGC)1(GGC)1(AGC)1(GGC)4(AGC)1(GGC)1(AGC)1(GGC)2(AGC)1,20,20,13,13
d03d162444a460d341eaec9ea579c045d15,(CGC)1(AGC)3(GGC)3(CGC)1(GGC)1(AGC)1(GGC)4(AGC)1(GGC)1(AGC)1(GGC)2(AGC)1,(CGC)1(AGC)3(GGC)3(CGC)1(GGC)1(AGC)1(GGC)4(AGC)1(GGC)1(AGC)1(GGC)2(AGC)1,20,20,14,14
d20b035c8e58796652d86dfe6cd86dfe1a4,(CGC)1(AGC)3(GGC)3(CGC)1(GGC)1(AGC)1(GGC)4(AGC)1(GGC)1(AGC)1(GGC)2(AGC)1,(CGC)1(AGC)3(GGC)3(CGC)1(GGC)1(AGC)1(GGC)4(CGC)1(GGC)1(AGC)1(GGC)2(AGC)1,20,20,9,3
d570406b26103b885847a809d78c8cdc6f9,(CGC)1(AGC)3(GGC)3(CGC)1(GGC)1(AGC)1(GGC)4(AGC)1(GGC)1(AGC)1(GGC)2(AGC)1,(CGC)1(AGC)3(GGC)3(CGC)1(GGC)1(AGC)1(GGC)4(AGC)1(GGC)1(AGC)1(GGC)2(AGC)1,20,20,27,27
d948632091467019855047c99f9d7559503,(CGC)1(AGC)3(GGC)3(CGC)1(GGC)1(AGC)1(GGC)4(AGC)1(GGC)1(AGC)1(GGC)2(AGC)1,(CGC)1(AGC)3(GGC)3(CGC)1(GGC)1(AGC)1(GGC)4(AGC)1(GGC)1(AGC)1(GGC)2(AGC)1,20,20,18,18
db9289526fcaa23605063aacf3815580a92,(CGC)1(AGC)3(GGC)3(CGC)1(GGC)1(AGC)1(GGC)4(AGC)1(GGC)1(AGC)1(GGC)2(AGC)1,(CGC)1(AGC)3(GGC)3(CGC)1(GGC)1(AGC)1(GGC)4(AGC)1(GGC)1(AGC)1(GGC)2(AGC)1,20,20,27,27
dc881fb2ac408830e9cb775b23cb137e602,(CGC)1(AGC)3(GGC)3(CGC)1(GGC)1(AGC)1(GGC)4(AGC)1(GGC)1(AGC)1(GGC)2(AGC)1,(CGC)1(AGC)3(GGC)3(CGC)1(GGC)1(AGC)1(GGC)4(AGC)1(GGC)1(AGC)1(GGC)2(AGC)1,20,20,17,17
df295208b48e3fbfec1cd01191165ec6418,(CGC)1(AGC)3(GGC)3(CGC)1(GGC)1(AGC)1(GGC)4(AGC)1(GGC)1(AGC)1(GGC)2(AGC)1,(CGC)1(AGC)3(GGC)3(CGC)1(GGC)1(AGC)1(GGC)4(AGC)1(GGC)1(AGC)1(GGC)2(AGC)1,20,20,21,21
e3c69910baee6efb97eea06efd1a27bb9ac,(CGC)1(AGC)3(GGC)3(CGC)1(GGC)1(AGC)1(GGC)4(AGC)1(GGC)1(AGC)1(GGC)2(AGC)1,(CGC)1(AGC)3(GGC)3(CGC)1(GGC)1(AGC)1(GGC)4(AGC)1(GGC)1(AGC)1(GGC)2(AGC)1,20,20,13,13
e9ad87cd989a2eb46d905651f85700260b7,(CGC)1(AGC)3(GGC)3(CGC)1(GGC)1(AGC)1(GGC)4(AGC)1(GGC)1(AGC)1(GGC)2(AGC)1,(CGC)1(AGC)3(GGC)3(CGC)1(GGC)1(AGC)1(GGC)4(AGC)1(GGC)1(AGC)1(GGC)2(AGC)1,20,20,19,19
e82abe608f5e0e3845bc07af5eef45e40b3,(CGC)1(AGC)3(GGC)3(CGC)1(GGC)1(AGC)1(GGC)4(AGC)1(GGC)1(AGC)1(GGC)2(AGC)1,(CGC)1(AGC)3(GGC)3(CGC)1(GGC)1(AGC)1(GGC)4(AGC)1(GGC)1(AGC)1(GGC)2(AGC)1,20,20,24,24
e649335a2f93b6c359bda2ae4f92d590d9f,(CGC)1(AGC)3(GGC)3(CGC)1(GGC)1(AGC)1(GGC)4(AGC)1(GGC)1(AGC)1(GGC)2(AGC)1,(CGC)1(AGC)3(GGC)3(CGC)1(GGC)1(AGC)1(GGC)4(AGC)1(GGC)1(AGC)1(GGC)2(AGC)1,20,20,19,19
ebb04c8b83ce00d3f009775ad2eb39fe01e,(CGC)1(AGC)3(GGC)3(CGC)1(GGC)1(AGC)1(GGC)4(AGC)1(GGC)1(AGC)1(GGC)2(AGC)1,NA,20,NA,7,NA
eee2322e6caf06050730db26a974f31e001,(CGC)1(AGC)3(GGC)3(CGC)1(GGC)1(AGC)1(GGC)4(CGC)1(GGC)1(AGC)1(GGC)2(AGC)1,(CGC)1(AGC)3(GGC)3(CGC)1(GGC)1(AGC)1(GGC)4(AGC)1(GGC)1(AGC)1(GGC)2(AGC)1,20,20,11,7
f9c9fd8da20a64f5cf6877bf71592aef09f,(CGC)1(AGC)3(GGC)3(CGC)1(GGC)1(AGC)1(GGC)4(AGC)1(GGC)1(AGC)1(GGC)2(AGC)1,(CGC)1(AGC)3(GGC)3(CGC)1(GGC)1(AGC)1(GGC)4(AGC)1(GGC)1(AGC)1(GGC)2(AGC)1,20,20,26,26
f24aaaa2f9d3707b312b20b793341b0f6c5,(CGC)1(AGC)3(GGC)3(CGC)1(GGC)1(AGC)1(GGC)4(AGC)1(GGC)1(AGC)1(GGC)2(AGC)1,(CGC)1(AGC)3(GGC)3(CGC)1(GGC)1(AGC)1(GGC)4(AGC)1(GGC)1(AGC)1(GGC)2(AGC)1,20,20,12,12
f983a79e95ccf4889494a9a278049374bb1,(CGC)1(AGC)3(GGC)3(CGC)1(GGC)1(AGC)1(GGC)4(AGC)1(GGC)1(AGC)1(GGC)2(AGC)1,(CGC)1(AGC)3(GGC)3(CGC)1(GGC)1(AGC)1(GGC)4(AGC)1(GGC)1(AGC)1(GGC)2(AGC)1,20,20,9,9
f442644b693030f60e3f48b6053b75a426e,(CGC)1(AGC)3(GGC)3(CGC)1(GGC)1(AGC)1(GGC)4(AGC)1(GGC)1(AGC)1(GGC)2(AGC)1,(CGC)1(AGC)3(GGC)3(CGC)1(GGC)1(AGC)1(GGC)4(AGC)1(GGC)1(AGC)1(GGC)2(AGC)1,20,20,14,14
fffcc51fb2902e6091259623b7a814bf0dd,(CGC)1(AGC)3(GGC)3(CGC)1(GGC)1(AGC)1(GGC)4(AGC)1(GGC)1(AGC)1(GGC)2(AGC)1,(CGC)1(AGC)3(GGC)3(CGC)1(GGC)1(AGC)1(GGC)4(AGC)1(GGC)1(AGC)1(GGC)2(AGC)1,20,20,21,21
