locus,motif,classification,count
TBP,ACA,other,753
THAP11,CAA,other,677
EP400,CAA,other,647
HOXD13,GCA,other,487
NOTCH2NLC,GGA,other,403
ATN1,CAA,other,386
ZFHX3,GGT,other,357
ATXN2,AAC,other,339
ATXN1,TCA,other,293
AFF2,GCT,other,239
HOXD13,GCC,other,196
HOXD13,GCT,other,196
ATXN3,CAA,other,192
ZFHX3,AGT,other,177
NOP56,AGCCTG,other,176
ZIC3,GCT,other,143
PRNP,CCCCATGGTGGTGGCTGGGGACAG,other,139
PRNP,CCTCATGGTGGTGGCTGGGGTCAA,other,139
FMR1,AGG,other,131
XYLT1,GCG,other,88
NAXE,GGGTC,other,68
CBL,TGG,other,64
ZNF713,TCG,other,20
NOTCH2NLA,CGC,other,19
TCF4,GTG,other,15
CNBP,GCTG,other,12
ATXN10,TTTCT,other,11
CNBP,TCTG,other,11
ATXN10,ATTGT,other,10
PRNP,CCCCATGGTGGTGGCTGGGGTCAA,other,10
RILPL1,ACC,other,7
HTT,CAA,other,6
ABCD3,GCT,other,5
ATXN10,ATTAT,other,5
GIPC1,CGA,other,5
LRP12,TCG,other,5
EIF4A3,TCGGCAGCGGCACGGCGAGG,other,3
NOP56,GGCCCG,other,3
ATXN1,CCT,other,2
ATXN2,CGC,other,2
ATXN7,CCA,other,2
ATXN7,GCC,other,2
CBL,CGA,other,2
GIPC1,AGG,other,2
GLS,CCA,other,2
ZFHX3,GAC,other,2
C9ORF72,AGGGCC,other,1
C11ORF80,GGG,other,1
CBL,CAG,other,1
CBL,CCG,other,1
DIP2B,GGT,other,1
EIF4A3,TCGGCAGCGGCACAGAGAGG,other,1
NAXE,GCGCC,other,1
NOTCH2NLA,GGA,other,1
VWA1,GGCGCGCAGC,other,1
