locus,composition,repeat_units,allele_count,sample_count,locus_sample_count,reported_repeat_unit,structure_class,motif_counts_json,interruption_motif_counts_json,displayed,display_rank
ABCD3,(GCC)11,11,1,1,100,GCC,pure,"{""GCC"":11}",{},yes,1
ABCD3,(GCC)10,10,3,3,100,GCC,pure,"{""GCC"":10}",{},yes,2
ABCD3,(GCC)9,9,3,3,100,GCC,pure,"{""GCC"":9}",{},yes,3
ABCD3,(GCC)8,8,4,4,100,GCC,pure,"{""GCC"":8}",{},yes,4
ABCD3,(GCC)5(GCT)1(GCC)1,7,5,5,100,GCC,interrupted,"{""GCC"":6,""GCT"":1}","{""GCT"":1}",yes,5
ABCD3,(GCC)7,7,183,99,100,GCC,pure,"{""GCC"":7}",{},yes,6
AFF2,(GCC)1(GCT)1(GCC)26(GCT)1(GCC)2,31,1,1,88,GCC,interrupted,"{""GCC"":29,""GCT"":2}","{""GCT"":2}",yes,1
AFF2,(GCC)1(GCT)1(GCC)25(GCT)1(GCC)2,30,1,1,88,GCC,interrupted,"{""GCC"":28,""GCT"":2}","{""GCT"":2}",yes,2
AFF2,(GCC)1(GCT)1(GCC)24(GCT)1(GCC)2,29,3,3,88,GCC,interrupted,"{""GCC"":27,""GCT"":2}","{""GCT"":2}",yes,3
AFF2,(GCC)1(GCT)1(GCC)23(GCT)1(GCC)2,28,2,2,88,GCC,interrupted,"{""GCC"":26,""GCT"":2}","{""GCT"":2}",yes,4
AFF2,(GCC)1(GCT)1(GCC)22(GCT)1(GCC)2,27,2,2,88,GCC,interrupted,"{""GCC"":25,""GCT"":2}","{""GCT"":2}",yes,5
AFF2,(GCC)1(GCT)1(GCC)21(GCT)1(GCC)2,26,2,2,88,GCC,interrupted,"{""GCC"":24,""GCT"":2}","{""GCT"":2}",yes,6
AFF2,(GCC)1(GCT)1(GCC)20(GCT)1(GCC)2,25,5,5,88,GCC,interrupted,"{""GCC"":23,""GCT"":2}","{""GCT"":2}",yes,7
AFF2,(GCC)1(GCT)1(GCC)19(GCT)1(GCC)2,24,6,6,88,GCC,interrupted,"{""GCC"":22,""GCT"":2}","{""GCT"":2}",yes,8
AFF2,(GCC)1(GCT)1(GCC)18(GCT)1(GCC)2,23,13,12,88,GCC,interrupted,"{""GCC"":21,""GCT"":2}","{""GCT"":2}",yes,9
AFF2,(GCC)1(GCT)1(GCC)17(GCT)1(GCC)2,22,9,9,88,GCC,interrupted,"{""GCC"":20,""GCT"":2}","{""GCT"":2}",yes,10
AFF2,(GCC)1(GCT)1(GCC)16(GCT)1(GCC)2,21,15,15,88,GCC,interrupted,"{""GCC"":19,""GCT"":2}","{""GCT"":2}",yes,11
AFF2,(GCC)1(GCT)1(GCC)15(GCT)1(GCC)2,20,46,39,88,GCC,interrupted,"{""GCC"":18,""GCT"":2}","{""GCT"":2}",yes,12
AFF2,(GCC)1(GCT)1(GCC)14(GCT)1(GCC)2,19,5,5,88,GCC,interrupted,"{""GCC"":17,""GCT"":2}","{""GCT"":2}",yes,13
AFF2,(GCC)1(GCT)1(GCC)13(GCT)1(GCC)2,18,3,3,88,GCC,interrupted,"{""GCC"":16,""GCT"":2}","{""GCT"":2}",yes,14
AFF2,(GCC)1(GCT)1(GCC)16,18,1,1,88,GCC,interrupted,"{""GCC"":17,""GCT"":1}","{""GCT"":1}",yes,15
AFF2,(GCC)1(GCT)1(GCC)12(GCT)1(GCC)2,17,1,1,88,GCC,interrupted,"{""GCC"":15,""GCT"":2}","{""GCT"":2}",yes,16
AFF2,(GCC)1(GCT)1(GCC)11(GCT)1(GCC)2,16,1,1,88,GCC,interrupted,"{""GCC"":14,""GCT"":2}","{""GCT"":2}",yes,17
AFF2,(GCC)1(GCT)1(GCC)10(GCT)1(GCC)2,15,2,2,88,GCC,interrupted,"{""GCC"":13,""GCT"":2}","{""GCT"":2}",yes,18
AFF2,(GCC)1(GCT)1(GCC)9(GCT)1(GCC)2,14,1,1,88,GCC,interrupted,"{""GCC"":12,""GCT"":2}","{""GCT"":2}",yes,19
AFF2,(GCC)1(GCT)1(GCC)12,14,1,1,88,GCC,interrupted,"{""GCC"":13,""GCT"":1}","{""GCT"":1}",yes,20
AFF2,(GCC)9(GCT)1(GCC)2,12,1,1,88,GCC,interrupted,"{""GCC"":11,""GCT"":1}","{""GCT"":1}",yes,21
AFF3,(GGC)27,27,1,1,99,GGC,pure,"{""GGC"":27}",{},yes,1
AFF3,(GGC)25,25,2,2,99,GGC,pure,"{""GGC"":25}",{},yes,2
AFF3,(GGC)24,24,1,1,99,GGC,pure,"{""GGC"":24}",{},yes,3
AFF3,(GGC)23,23,1,1,99,GGC,pure,"{""GGC"":23}",{},yes,4
AFF3,(GGC)18,18,1,1,99,GGC,pure,"{""GGC"":18}",{},yes,5
AFF3,(GGC)17,17,2,2,99,GGC,pure,"{""GGC"":17}",{},yes,6
AFF3,(GGC)14,14,1,1,99,GGC,pure,"{""GGC"":14}",{},yes,7
AFF3,(GGC)13,13,2,2,99,GGC,pure,"{""GGC"":13}",{},yes,8
AFF3,(GGC)12,12,2,2,99,GGC,pure,"{""GGC"":12}",{},yes,9
AFF3,(GGC)11,11,11,11,99,GGC,pure,"{""GGC"":11}",{},yes,10
AFF3,(GGC)10,10,14,13,99,GGC,pure,"{""GGC"":10}",{},yes,11
AFF3,(GGC)8,8,98,77,99,GGC,pure,"{""GGC"":8}",{},yes,12
AFF3,(GGC)5,5,23,21,99,GGC,pure,"{""GGC"":5}",{},yes,13
AFF3,(GGC)4,4,16,14,99,GGC,pure,"{""GGC"":4}",{},yes,14
AR,(GCA)30,30,1,1,91,GCA,pure,"{""GCA"":30}",{},yes,1
AR,(GCA)29,29,3,3,91,GCA,pure,"{""GCA"":29}",{},yes,2
AR,(GCA)28,28,2,2,91,GCA,pure,"{""GCA"":28}",{},yes,3
AR,(GCA)27,27,3,3,91,GCA,pure,"{""GCA"":27}",{},yes,4
AR,(GCA)26,26,9,9,91,GCA,pure,"{""GCA"":26}",{},yes,5
AR,(GCA)25,25,9,9,91,GCA,pure,"{""GCA"":25}",{},yes,6
AR,(GCA)24,24,10,10,91,GCA,pure,"{""GCA"":24}",{},yes,7
AR,(GCA)23,23,16,16,91,GCA,pure,"{""GCA"":23}",{},yes,8
AR,(GCA)22,22,18,18,91,GCA,pure,"{""GCA"":22}",{},yes,9
AR,(GCA)21,21,16,16,91,GCA,pure,"{""GCA"":21}",{},yes,10
AR,(GCA)20,20,12,12,91,GCA,pure,"{""GCA"":20}",{},yes,11
AR,(GCA)19,19,10,9,91,GCA,pure,"{""GCA"":19}",{},yes,12
AR,(GCA)18,18,6,6,91,GCA,pure,"{""GCA"":18}",{},yes,13
AR,(GCA)17,17,3,3,91,GCA,pure,"{""GCA"":17}",{},yes,14
AR,(GCA)16,16,1,1,91,GCA,pure,"{""GCA"":16}",{},yes,15
AR,(GCA)14,14,1,1,91,GCA,pure,"{""GCA"":14}",{},yes,16
AR,(GCA)13,13,1,1,91,GCA,pure,"{""GCA"":13}",{},yes,17
ARX_1,(GCG)1(GCA)1(GCG)10(GCA)1(GCG)1(GCC)2,16,146,100,100,GCN,pure,"{""GCA"":2,""GCC"":2,""GCG"":12}",{},yes,1
ARX_2,(GCC)2(GCG)1(GCA)1(GCC)1(GCG)1(GCA)1(GCG)1(GCC)2(GCG)1(GCC)1,12,1,1,99,GCN,pure,"{""GCA"":2,""GCC"":6,""GCG"":4}",{},yes,1
ARX_2,(GCC)2(GCG)1(GCA)1(GCC)1(GCG)1(GCC)1(GCG)1(GCC)2(GCG)1(GCC)1,12,138,99,99,GCN,pure,"{""GCA"":1,""GCC"":7,""GCG"":4}",{},yes,2
ATN1,(CAG)1(CAA)1(CAG)1(CAA)1(CAG)24,28,1,1,100,CAG,interrupted,"{""CAA"":2,""CAG"":26}","{""CAA"":2}",yes,1
ATN1,(CAG)1(CAA)1(CAG)1(CAA)1(CAG)20,24,2,2,100,CAG,interrupted,"{""CAA"":2,""CAG"":22}","{""CAA"":2}",yes,2
ATN1,(CAG)1(CAA)1(CAG)1(CAA)1(CAG)19,23,2,2,100,CAG,interrupted,"{""CAA"":2,""CAG"":21}","{""CAA"":2}",yes,3
ATN1,(CAG)1(CAA)1(CAG)1(CAA)1(CAG)18,22,2,2,100,CAG,interrupted,"{""CAA"":2,""CAG"":20}","{""CAA"":2}",yes,4
ATN1,(CAG)1(CAA)1(CAG)1(CAA)1(CAG)17,21,11,11,100,CAG,interrupted,"{""CAA"":2,""CAG"":19}","{""CAA"":2}",yes,5
ATN1,(CAG)1(CAA)1(CAG)1(CAA)1(CAG)16,20,25,21,100,CAG,interrupted,"{""CAA"":2,""CAG"":18}","{""CAA"":2}",yes,6
ATN1,(CAG)1(CAA)1(CAG)1(CAA)1(CAG)15,19,48,42,100,CAG,interrupted,"{""CAA"":2,""CAG"":17}","{""CAA"":2}",yes,7
ATN1,(CAG)1(CAA)1(CAG)1(CAA)1(CAG)14,18,8,8,100,CAG,interrupted,"{""CAA"":2,""CAG"":16}","{""CAA"":2}",yes,8
ATN1,(CAG)1(CAA)1(CAG)2(CAA)1(CAG)13,18,1,1,100,CAG,interrupted,"{""CAA"":2,""CAG"":16}","{""CAA"":2}",yes,9
ATN1,(CAG)1(CAA)1(CAG)1(CAA)1(CAG)13,17,16,15,100,CAG,interrupted,"{""CAA"":2,""CAG"":15}","{""CAA"":2}",yes,10
ATN1,(CAG)1(CAA)1(CAG)2(CAA)1(CAG)12,17,14,12,100,CAG,interrupted,"{""CAA"":2,""CAG"":15}","{""CAA"":2}",yes,11
ATN1,(CAG)1(CAA)1(CAG)1(CAA)1(CAG)12,16,22,20,100,CAG,interrupted,"{""CAA"":2,""CAG"":14}","{""CAA"":2}",yes,12
ATN1,(CAG)1(CAA)1(CAG)1(CAA)1(CAG)11,15,7,7,100,CAG,interrupted,"{""CAA"":2,""CAG"":13}","{""CAA"":2}",yes,13
ATN1,(CAG)1(CAA)1(CAG)1(CAA)1(CAG)10,14,10,10,100,CAG,interrupted,"{""CAA"":2,""CAG"":12}","{""CAA"":2}",yes,14
ATN1,(CAG)1(CAA)1(CAG)1(CAA)1(CAG)9,13,6,6,100,CAG,interrupted,"{""CAA"":2,""CAG"":11}","{""CAA"":2}",yes,15
ATN1,(CAG)1(CAA)1(CAG)1(CAA)1(CAG)8,12,17,14,100,CAG,interrupted,"{""CAA"":2,""CAG"":10}","{""CAA"":2}",yes,16
ATN1,(CAG)1(CAA)1(CAG)1(CAA)1(CAG)7,11,1,1,100,CAG,interrupted,"{""CAA"":2,""CAG"":9}","{""CAA"":2}",yes,17
ATXN1,(GCA)18(TCA)1(GCA)1(TCA)1(GCA)16,37,3,3,98,GCA,interrupted,"{""GCA"":35,""TCA"":2}","{""TCA"":2}",yes,1
ATXN1,(GCA)16(TCA)1(GCA)1(TCA)1(GCA)17,36,1,1,98,GCA,interrupted,"{""GCA"":34,""TCA"":2}","{""TCA"":2}",yes,2
ATXN1,(GCA)16(TCA)1(GCA)1(TCA)1(GCA)15(CCT)1,35,2,1,98,GCA,interrupted,"{""CCT"":1,""GCA"":32,""TCA"":2}","{""CCT"":1,""TCA"":2}",yes,3
ATXN1,(GCA)16(TCA)1(GCA)1(TCA)1(GCA)16,35,1,1,98,GCA,interrupted,"{""GCA"":33,""TCA"":2}","{""TCA"":2}",yes,4
ATXN1,(GCA)18(TCA)1(GCA)1(TCA)1(GCA)14,35,1,1,98,GCA,interrupted,"{""GCA"":33,""TCA"":2}","{""TCA"":2}",yes,5
ATXN1,(GCA)15(TCA)1(GCA)1(TCA)1(GCA)16,34,1,1,98,GCA,interrupted,"{""GCA"":32,""TCA"":2}","{""TCA"":2}",yes,6
ATXN1,(GCA)15(TCA)2(GCA)1(TCA)1(GCA)15,34,1,1,98,GCA,interrupted,"{""GCA"":31,""TCA"":3}","{""TCA"":3}",yes,7
ATXN1,(GCA)16(TCA)1(GCA)1(TCA)1(GCA)15,34,1,1,98,GCA,interrupted,"{""GCA"":32,""TCA"":2}","{""TCA"":2}",yes,8
ATXN1,(GCA)15(TCA)1(GCA)1(TCA)1(GCA)15,33,7,7,98,GCA,interrupted,"{""GCA"":31,""TCA"":2}","{""TCA"":2}",yes,9
ATXN1,(GCA)17(TCA)1(GCA)1(TCA)1(GCA)13,33,1,1,98,GCA,interrupted,"{""GCA"":31,""TCA"":2}","{""TCA"":2}",yes,10
ATXN1,(GCA)17(TCA)1(GCA)15,33,1,1,98,GCA,interrupted,"{""GCA"":32,""TCA"":1}","{""TCA"":1}",yes,11
ATXN1,(GCA)14(TCA)1(GCA)1(TCA)1(GCA)1(TCA)1(GCA)13,32,4,4,98,GCA,interrupted,"{""GCA"":29,""TCA"":3}","{""TCA"":3}",yes,12
ATXN1,(GCA)14(TCA)1(GCA)1(TCA)1(GCA)15,32,4,4,98,GCA,interrupted,"{""GCA"":30,""TCA"":2}","{""TCA"":2}",yes,13
ATXN1,(GCA)15(TCA)1(GCA)1(TCA)1(GCA)14,32,2,2,98,GCA,interrupted,"{""GCA"":30,""TCA"":2}","{""TCA"":2}",yes,14
ATXN1,(GCA)16(TCA)1(GCA)1(TCA)1(GCA)13,32,1,1,98,GCA,interrupted,"{""GCA"":30,""TCA"":2}","{""TCA"":2}",yes,15
ATXN1,(GCA)13(TCA)1(GCA)1(TCA)1(GCA)15,31,33,27,98,GCA,interrupted,"{""GCA"":29,""TCA"":2}","{""TCA"":2}",yes,16
ATXN1,(GCA)14(TCA)1(GCA)1(TCA)1(GCA)14,31,18,17,98,GCA,interrupted,"{""GCA"":29,""TCA"":2}","{""TCA"":2}",yes,17
ATXN1,(GCA)14(TCA)1(GCA)16,31,1,1,98,GCA,interrupted,"{""GCA"":30,""TCA"":1}","{""TCA"":1}",yes,18
ATXN1,(GCA)15(TCA)1(GCA)1(TCA)1(GCA)13,31,1,1,98,GCA,interrupted,"{""GCA"":29,""TCA"":2}","{""TCA"":2}",yes,19
ATXN1,(GCA)12(TCA)1(GCA)17,30,1,1,98,GCA,interrupted,"{""GCA"":29,""TCA"":1}","{""TCA"":1}",yes,20
ATXN1,(GCA)13(TCA)1(GCA)1(TCA)1(GCA)14,30,32,28,98,GCA,interrupted,"{""GCA"":28,""TCA"":2}","{""TCA"":2}",yes,21
ATXN1,(GCA)14(TCA)1(GCA)1(TCA)1(GCA)13,30,4,4,98,GCA,interrupted,"{""GCA"":28,""TCA"":2}","{""TCA"":2}",yes,22
ATXN1,(GCA)17(TCA)1(GCA)1(TCA)1(GCA)10,30,1,1,98,GCA,interrupted,"{""GCA"":28,""TCA"":2}","{""TCA"":2}",yes,23
ATXN1,(GCA)12(TCA)1(GCA)1(TCA)1(GCA)14,29,1,1,98,GCA,interrupted,"{""GCA"":27,""TCA"":2}","{""TCA"":2}",yes,24
ATXN1,(GCA)12(TCA)1(GCA)16,29,10,10,98,GCA,interrupted,"{""GCA"":28,""TCA"":1}","{""TCA"":1}",yes,25
ATXN1,(GCA)13(TCA)1(GCA)14,28,9,9,98,GCA,interrupted,"{""GCA"":27,""TCA"":1}","{""TCA"":1}",yes,26
ATXN1,(GCA)15(TCA)1(GCA)1(TCA)1(GCA)10,28,1,1,98,GCA,interrupted,"{""GCA"":26,""TCA"":2}","{""TCA"":2}",yes,27
ATXN1,(GCA)12(TCA)1(GCA)14,27,11,11,98,GCA,interrupted,"{""GCA"":26,""TCA"":1}","{""TCA"":1}",yes,28
ATXN1,(GCA)14(TCA)1(GCA)1(TCA)1(GCA)10,27,3,3,98,GCA,interrupted,"{""GCA"":25,""TCA"":2}","{""TCA"":2}",yes,29
ATXN1,(GCA)9(TCA)1(GCA)16,26,3,3,98,GCA,interrupted,"{""GCA"":25,""TCA"":1}","{""TCA"":1}",yes,30
ATXN1,(GCA)13(TCA)1(GCA)1(TCA)1(GCA)10,26,1,1,98,GCA,interrupted,"{""GCA"":24,""TCA"":2}","{""TCA"":2}",yes,31
ATXN1,(GCA)4(TCA)1(GCA)1(TCA)1(GCA)14,21,1,1,98,GCA,interrupted,"{""GCA"":19,""TCA"":2}","{""TCA"":2}",yes,32
ATXN1,(GCA)21,21,6,6,98,GCA,pure,"{""GCA"":21}",{},yes,33
ATXN2,(AGC)8(AAC)1(AGC)4(AAC)1(AGC)4(AAC)1(AGC)10,29,1,1,100,AGC,interrupted,"{""AAC"":3,""AGC"":26}","{""AAC"":3}",yes,1
ATXN2,(AGC)8(AAC)1(AGC)4(AAC)1(AGC)4(AAC)1(AGC)8,27,4,4,100,AGC,interrupted,"{""AAC"":3,""AGC"":24}","{""AAC"":3}",yes,2
ATXN2,(AGC)15(AAC)1(AGC)8,24,1,1,100,AGC,interrupted,"{""AAC"":1,""AGC"":23}","{""AAC"":1}",yes,3
ATXN2,(AGC)8(AAC)1(AGC)5(AAC)1(AGC)8,23,13,13,100,AGC,interrupted,"{""AAC"":2,""AGC"":21}","{""AAC"":2}",yes,4
ATXN2,(AGC)8(AAC)1(AGC)14,23,4,4,100,AGC,interrupted,"{""AAC"":1,""AGC"":22}","{""AAC"":1}",yes,5
ATXN2,(AGC)13(AAC)1(AGC)9,23,4,4,100,AGC,interrupted,"{""AAC"":1,""AGC"":22}","{""AAC"":1}",yes,6
ATXN2,(AGC)14(AAC)1(AGC)8,23,3,3,100,AGC,interrupted,"{""AAC"":1,""AGC"":22}","{""AAC"":1}",yes,7
ATXN2,(AGC)22(CGC)1,23,2,2,100,AGC,interrupted,"{""AGC"":22,""CGC"":1}","{""CGC"":1}",yes,8
ATXN2,(AGC)7(AAC)1(AGC)14,22,2,2,100,AGC,interrupted,"{""AAC"":1,""AGC"":21}","{""AAC"":1}",yes,9
ATXN2,(AGC)8(AAC)1(AGC)4(AAC)1(AGC)8,22,126,90,100,AGC,interrupted,"{""AAC"":2,""AGC"":20}","{""AAC"":2}",yes,10
ATXN2,(AGC)13(AAC)1(AGC)8,22,25,24,100,AGC,interrupted,"{""AAC"":1,""AGC"":21}","{""AAC"":1}",yes,11
ATXN2,(AGC)7(AAC)1(AGC)4(AAC)1(AGC)8,21,1,1,100,AGC,interrupted,"{""AAC"":2,""AGC"":19}","{""AAC"":2}",yes,12
ATXN2,(AGC)6(AAC)1(AGC)4(AAC)1(AGC)8,20,1,1,100,AGC,interrupted,"{""AAC"":2,""AGC"":18}","{""AAC"":2}",yes,13
ATXN2,(AGC)8(AAC)1(AGC)11,20,1,1,100,AGC,interrupted,"{""AAC"":1,""AGC"":19}","{""AAC"":1}",yes,14
ATXN2,(AGC)11(AAC)1(AGC)8,20,1,1,100,AGC,interrupted,"{""AAC"":1,""AGC"":19}","{""AAC"":1}",yes,15
ATXN2,(AGC)8(AAC)1(AGC)8,17,1,1,100,AGC,interrupted,"{""AAC"":1,""AGC"":16}","{""AAC"":1}",yes,16
ATXN3,(CAG)1(CAA)1(CAG)31,33,2,2,100,CAG,interrupted,"{""CAA"":1,""CAG"":32}","{""CAA"":1}",yes,1
ATXN3,(CAG)1(CAA)1(CAG)29,31,2,2,100,CAG,interrupted,"{""CAA"":1,""CAG"":30}","{""CAA"":1}",yes,2
ATXN3,(CAG)1(CAA)1(CAG)28,30,5,5,100,CAG,interrupted,"{""CAA"":1,""CAG"":29}","{""CAA"":1}",yes,3
ATXN3,(CAG)1(CAA)1(CAG)27,29,3,3,100,CAG,interrupted,"{""CAA"":1,""CAG"":28}","{""CAA"":1}",yes,4
ATXN3,(CAG)1(CAA)1(CAG)26,28,3,3,100,CAG,interrupted,"{""CAA"":1,""CAG"":27}","{""CAA"":1}",yes,5
ATXN3,(CAG)1(CAA)1(CAG)25,27,3,3,100,CAG,interrupted,"{""CAA"":1,""CAG"":26}","{""CAA"":1}",yes,6
ATXN3,(CAG)1(CAA)1(CAG)24,26,3,3,100,CAG,interrupted,"{""CAA"":1,""CAG"":25}","{""CAA"":1}",yes,7
ATXN3,(CAG)1(CAA)1(CAG)23,25,1,1,100,CAG,interrupted,"{""CAA"":1,""CAG"":24}","{""CAA"":1}",yes,8
ATXN3,(CAG)1(CAA)1(CAG)22,24,15,14,100,CAG,interrupted,"{""CAA"":1,""CAG"":23}","{""CAA"":1}",yes,9
ATXN3,(CAG)1(CAA)1(CAG)21,23,21,20,100,CAG,interrupted,"{""CAA"":1,""CAG"":22}","{""CAA"":1}",yes,10
ATXN3,(CAG)1(CAA)1(CAG)20,22,2,2,100,CAG,interrupted,"{""CAA"":1,""CAG"":21}","{""CAA"":1}",yes,11
ATXN3,(CAG)1(CAA)1(CAG)19,21,1,1,100,CAG,interrupted,"{""CAA"":1,""CAG"":20}","{""CAA"":1}",yes,12
ATXN3,(CAG)1(CAA)1(CAG)18,20,9,9,100,CAG,interrupted,"{""CAA"":1,""CAG"":19}","{""CAA"":1}",yes,13
ATXN3,(CAG)1(CAA)1(CAG)17,19,45,35,100,CAG,interrupted,"{""CAA"":1,""CAG"":18}","{""CAA"":1}",yes,14
ATXN3,(CAG)1(CAA)1(CAG)16,18,13,12,100,CAG,interrupted,"{""CAA"":1,""CAG"":17}","{""CAA"":1}",yes,15
ATXN3,(CAG)18,18,1,1,100,CAG,pure,"{""CAG"":18}",{},yes,16
ATXN3,(CAG)1(CAA)1(CAG)4(CAA)1(CAG)10,17,2,2,100,CAG,interrupted,"{""CAA"":2,""CAG"":15}","{""CAA"":2}",yes,17
ATXN3,(CAG)1(CAA)1(CAG)15,17,18,18,100,CAG,interrupted,"{""CAA"":1,""CAG"":16}","{""CAA"":1}",yes,18
ATXN3,(CAG)1(CAA)1(CAG)14,16,6,6,100,CAG,interrupted,"{""CAA"":1,""CAG"":15}","{""CAA"":1}",yes,19
ATXN3,(CAG)1(CAA)1(CAG)4(CAA)1(CAG)8,15,3,3,100,CAG,interrupted,"{""CAA"":2,""CAG"":13}","{""CAA"":2}",yes,20
ATXN3,(CAG)1(CAA)1(CAG)13,15,2,2,100,CAG,interrupted,"{""CAA"":1,""CAG"":14}","{""CAA"":1}",yes,21
ATXN3,(CAG)15,15,3,3,100,CAG,pure,"{""CAG"":15}",{},yes,22
ATXN3,(CAG)1(CAA)1(CAG)8,10,28,28,100,CAG,interrupted,"{""CAA"":1,""CAG"":9}","{""CAA"":1}",yes,23
ATXN7,(GCA)18,18,1,1,99,GCA,pure,"{""GCA"":18}",{},yes,1
ATXN7,(GCA)16,16,1,1,99,GCA,pure,"{""GCA"":16}",{},yes,2
ATXN7,(GCA)15,15,1,1,99,GCA,pure,"{""GCA"":15}",{},yes,3
ATXN7,(GCA)13,13,12,12,99,GCA,pure,"{""GCA"":13}",{},yes,4
ATXN7,(GCA)12,12,24,24,99,GCA,pure,"{""GCA"":12}",{},yes,5
ATXN7,(GCA)4(GCC)1(CCA)1(GCA)5,11,2,2,99,GCA,interrupted,"{""CCA"":1,""GCA"":9,""GCC"":1}","{""CCA"":1,""GCC"":1}",yes,6
ATXN7,(GCA)11,11,12,11,99,GCA,pure,"{""GCA"":11}",{},yes,7
ATXN7,(GCA)10,10,135,87,99,GCA,pure,"{""GCA"":10}",{},yes,8
ATXN7,(GCA)9,9,1,1,99,GCA,pure,"{""GCA"":9}",{},yes,9
ATXN7,(GCA)8,8,1,1,99,GCA,pure,"{""GCA"":8}",{},yes,10
ATXN7,(GCA)7,7,1,1,99,GCA,pure,"{""GCA"":7}",{},yes,11
ATXN8OS,(CTG)26,26,1,1,96,CTG,pure,"{""CTG"":26}",{},yes,1
ATXN8OS,(CTG)21,21,5,5,96,CTG,pure,"{""CTG"":21}",{},yes,2
ATXN8OS,(CTG)20,20,3,3,96,CTG,pure,"{""CTG"":20}",{},yes,3
ATXN8OS,(CTG)19,19,8,7,96,CTG,pure,"{""CTG"":19}",{},yes,4
ATXN8OS,(CTG)18,18,6,6,96,CTG,pure,"{""CTG"":18}",{},yes,5
ATXN8OS,(CTG)17,17,11,9,96,CTG,pure,"{""CTG"":17}",{},yes,6
ATXN8OS,(CTG)16,16,28,24,96,CTG,pure,"{""CTG"":16}",{},yes,7
ATXN8OS,(CTG)15,15,43,35,96,CTG,pure,"{""CTG"":15}",{},yes,8
ATXN8OS,(CTG)14,14,12,11,96,CTG,pure,"{""CTG"":14}",{},yes,9
ATXN8OS,(CTG)13,13,4,4,96,CTG,pure,"{""CTG"":13}",{},yes,10
ATXN8OS,(CTG)12,12,23,21,96,CTG,pure,"{""CTG"":12}",{},yes,11
ATXN8OS,(CTG)11,11,6,6,96,CTG,pure,"{""CTG"":11}",{},yes,12
ATXN8OS,(CTG)10,10,3,3,96,CTG,pure,"{""CTG"":10}",{},yes,13
ATXN8OS,(CTG)9,9,24,23,96,CTG,pure,"{""CTG"":9}",{},yes,14
ATXN8OS,(CTG)8,8,2,2,96,CTG,pure,"{""CTG"":8}",{},yes,15
ATXN8OS,(CTG)6,6,1,1,96,CTG,pure,"{""CTG"":6}",{},yes,16
ATXN10,(ATTCT)14(ATTGT)1(TTTCT)1(ATTCT)1,17,2,2,99,ATTCT,interrupted,"{""ATTCT"":15,""ATTGT"":1,""TTTCT"":1}","{""ATTGT"":1,""TTTCT"":1}",yes,1
ATXN10,(ATTCT)13(ATTGT)1(TTTCT)1(ATTCT)1,16,8,8,99,ATTCT,interrupted,"{""ATTCT"":14,""ATTGT"":1,""TTTCT"":1}","{""ATTGT"":1,""TTTCT"":1}",yes,2
ATXN10,(ATTCT)14(TTTCT)1(ATTCT)1,16,1,1,99,ATTCT,interrupted,"{""ATTCT"":15,""TTTCT"":1}","{""TTTCT"":1}",yes,3
ATXN10,(ATTCT)16,16,6,6,99,ATTCT,pure,"{""ATTCT"":16}",{},yes,4
ATXN10,(ATTCT)15,15,21,20,99,ATTCT,pure,"{""ATTCT"":15}",{},yes,5
ATXN10,(ATTCT)13(ATTAT)1,14,1,1,99,ATTCT,interrupted,"{""ATTAT"":1,""ATTCT"":13}","{""ATTAT"":1}",yes,6
ATXN10,(ATTCT)14,14,56,50,99,ATTCT,pure,"{""ATTCT"":14}",{},yes,7
ATXN10,(ATTCT)12(ATTAT)1,13,2,2,99,ATTCT,interrupted,"{""ATTAT"":1,""ATTCT"":12}","{""ATTAT"":1}",yes,8
ATXN10,(ATTCT)13,13,50,46,99,ATTCT,pure,"{""ATTCT"":13}",{},yes,9
ATXN10,(ATTCT)11(ATTAT)1,12,2,2,99,ATTCT,interrupted,"{""ATTAT"":1,""ATTCT"":11}","{""ATTAT"":1}",yes,10
ATXN10,(ATTCT)12,12,26,24,99,ATTCT,pure,"{""ATTCT"":12}",{},yes,11
ATXN10,(ATTCT)11,11,5,5,99,ATTCT,pure,"{""ATTCT"":11}",{},yes,12
ATXN10,(ATTCT)7,7,4,4,99,ATTCT,pure,"{""ATTCT"":7}",{},yes,13
BCLAF3,(CGG)22,22,1,1,99,CGG,pure,"{""CGG"":22}",{},yes,1
BCLAF3,(CGG)19,19,2,2,99,CGG,pure,"{""CGG"":19}",{},yes,2
BCLAF3,(CGG)18,18,2,2,99,CGG,pure,"{""CGG"":18}",{},yes,3
BCLAF3,(CGG)17,17,22,21,99,CGG,pure,"{""CGG"":17}",{},yes,4
BCLAF3,(CGG)16,16,17,15,99,CGG,pure,"{""CGG"":16}",{},yes,5
BCLAF3,(CGG)15,15,60,50,99,CGG,pure,"{""CGG"":15}",{},yes,6
BCLAF3,(CGG)14,14,6,5,99,CGG,pure,"{""CGG"":14}",{},yes,7
BCLAF3,(CGG)13,13,10,10,99,CGG,pure,"{""CGG"":13}",{},yes,8
BCLAF3,(CGG)12,12,12,11,99,CGG,pure,"{""CGG"":12}",{},yes,9
BCLAF3,(CGG)11,11,1,1,99,CGG,pure,"{""CGG"":11}",{},yes,10
BCLAF3,(CGG)9,9,1,1,99,CGG,pure,"{""CGG"":9}",{},yes,11
C9ORF72,(GGGGCC)18,18,1,1,100,GGGGCC,pure,"{""GGGGCC"":18}",{},yes,1
C9ORF72,(GGGGCC)13,13,1,1,100,GGGGCC,pure,"{""GGGGCC"":13}",{},yes,2
C9ORF72,(GGGGCC)12,12,1,1,100,GGGGCC,pure,"{""GGGGCC"":12}",{},yes,3
C9ORF72,(GGGGCC)11,11,4,4,100,GGGGCC,pure,"{""GGGGCC"":11}",{},yes,4
C9ORF72,(GGGGCC)10,10,6,6,100,GGGGCC,pure,"{""GGGGCC"":10}",{},yes,5
C9ORF72,(GGGGCC)9,9,3,3,100,GGGGCC,pure,"{""GGGGCC"":9}",{},yes,6
C9ORF72,(GGGGCC)3(AGGGCC)1(GGGGCC)4,8,1,1,100,GGGGCC,interrupted,"{""AGGGCC"":1,""GGGGCC"":7}","{""AGGGCC"":1}",yes,7
C9ORF72,(GGGGCC)8,8,12,12,100,GGGGCC,pure,"{""GGGGCC"":8}",{},yes,8
C9ORF72,(GGGGCC)7,7,9,9,100,GGGGCC,pure,"{""GGGGCC"":7}",{},yes,9
C9ORF72,(GGGGCC)6,6,21,19,100,GGGGCC,pure,"{""GGGGCC"":6}",{},yes,10
C9ORF72,(GGGGCC)5,5,19,18,100,GGGGCC,pure,"{""GGGGCC"":5}",{},yes,11
C9ORF72,(GGGGCC)4,4,12,12,100,GGGGCC,pure,"{""GGGGCC"":4}",{},yes,12
C9ORF72,(GGGGCC)3,3,7,7,100,GGGGCC,pure,"{""GGGGCC"":3}",{},yes,13
C9ORF72,(GGGGCC)2,2,100,73,100,GGGGCC,pure,"{""GGGGCC"":2}",{},yes,14
C11ORF80,(GGC)15,15,1,1,100,GGC,pure,"{""GGC"":15}",{},yes,1
C11ORF80,(GGC)13,13,1,1,100,GGC,pure,"{""GGC"":13}",{},yes,2
C11ORF80,(GGC)12,12,2,2,100,GGC,pure,"{""GGC"":12}",{},yes,3
C11ORF80,(GGC)11,11,1,1,100,GGC,pure,"{""GGC"":11}",{},yes,4
C11ORF80,(GGC)10,10,20,19,100,GGC,pure,"{""GGC"":10}",{},yes,5
C11ORF80,(GGG)1(GGC)9,10,1,1,100,GGC,interrupted,"{""GGC"":9,""GGG"":1}","{""GGG"":1}",yes,6
C11ORF80,(GGC)9,9,82,63,100,GGC,pure,"{""GGC"":9}",{},yes,7
C11ORF80,(GGC)8,8,91,66,100,GGC,pure,"{""GGC"":8}",{},yes,8
CACNA1A,(CAG)15,15,1,1,99,CAG,pure,"{""CAG"":15}",{},yes,1
CACNA1A,(CAG)14,14,6,6,99,CAG,pure,"{""CAG"":14}",{},yes,2
CACNA1A,(CAG)13,13,55,49,99,CAG,pure,"{""CAG"":13}",{},yes,3
CACNA1A,(CAG)12,12,48,45,99,CAG,pure,"{""CAG"":12}",{},yes,4
CACNA1A,(CAG)11,11,68,54,99,CAG,pure,"{""CAG"":11}",{},yes,5
CACNA1A,(CAG)7,7,11,10,99,CAG,pure,"{""CAG"":7}",{},yes,6
CBL,(CGG)1(TGG)1(CGG)15,17,3,3,100,CGG,interrupted,"{""CGG"":16,""TGG"":1}","{""TGG"":1}",yes,1
CBL,(CGG)1(TGG)1(CGG)14,16,1,1,100,CGG,interrupted,"{""CGG"":15,""TGG"":1}","{""TGG"":1}",yes,2
CBL,(CGG)1(TGG)1(CGG)10(CCG)1(CGG)1,14,1,1,100,CGG,interrupted,"{""CCG"":1,""CGG"":12,""TGG"":1}","{""CCG"":1,""TGG"":1}",yes,3
CBL,(CGG)1(TGG)1(CGG)12,14,7,7,100,CGG,interrupted,"{""CGG"":13,""TGG"":1}","{""TGG"":1}",yes,4
CBL,(CGG)14,14,6,6,100,CGG,pure,"{""CGG"":14}",{},yes,5
CBL,(CGG)13,13,4,4,100,CGG,pure,"{""CGG"":13}",{},yes,6
CBL,(CGG)1(TGG)1(CGG)10,12,8,8,100,CGG,interrupted,"{""CGG"":11,""TGG"":1}","{""TGG"":1}",yes,7
CBL,(CGG)12,12,24,23,100,CGG,pure,"{""CGG"":12}",{},yes,8
CBL,(CGG)1(TGG)1(CGG)9,11,44,38,100,CGG,interrupted,"{""CGG"":10,""TGG"":1}","{""TGG"":1}",yes,9
CBL,(CGG)7(CAG)1(CGG)3,11,1,1,100,CGG,interrupted,"{""CAG"":1,""CGG"":10}","{""CAG"":1}",yes,10
CBL,(CGG)10(CGA)1,11,2,2,100,CGG,interrupted,"{""CGA"":1,""CGG"":10}","{""CGA"":1}",yes,11
CBL,(CGG)11,11,77,67,100,CGG,pure,"{""CGG"":11}",{},yes,12
CBL,(CGG)10,10,5,5,100,CGG,pure,"{""CGG"":10}",{},yes,13
CBL,(CGG)8,8,13,12,100,CGG,pure,"{""CGG"":8}",{},yes,14
CBL,(CGG)7,7,1,1,100,CGG,pure,"{""CGG"":7}",{},yes,15
CNBP,(CCTG)7(GCTG)1(CCTG)1(TCTG)1(CCTG)7,17,3,3,11,CCTG,interrupted,"{""CCTG"":15,""GCTG"":1,""TCTG"":1}","{""GCTG"":1,""TCTG"":1}",yes,1
CNBP,(CCTG)5(GCTG)1(CCTG)1(TCTG)1(CCTG)8,16,1,1,11,CCTG,interrupted,"{""CCTG"":14,""GCTG"":1,""TCTG"":1}","{""GCTG"":1,""TCTG"":1}",yes,2
CNBP,(CCTG)6(GCTG)1(CCTG)1(TCTG)1(CCTG)7,16,1,1,11,CCTG,interrupted,"{""CCTG"":14,""GCTG"":1,""TCTG"":1}","{""GCTG"":1,""TCTG"":1}",yes,3
CNBP,(CCTG)6(GCTG)1(CCTG)9,16,1,1,11,CCTG,interrupted,"{""CCTG"":15,""GCTG"":1}","{""GCTG"":1}",yes,4
CNBP,(CCTG)5(GCTG)1(CCTG)1(TCTG)1(CCTG)7,15,5,4,11,CCTG,interrupted,"{""CCTG"":13,""GCTG"":1,""TCTG"":1}","{""GCTG"":1,""TCTG"":1}",yes,5
CNBP,(CCTG)5(GCTG)1(CCTG)1(TCTG)1(CCTG)4,12,1,1,11,CCTG,interrupted,"{""CCTG"":10,""GCTG"":1,""TCTG"":1}","{""GCTG"":1,""TCTG"":1}",yes,6
COMP,(GAC)5,5,200,100,100,GAC,pure,"{""GAC"":5}",{},yes,1
CSNK1E,(GGC)10,10,5,5,100,GGC,pure,"{""GGC"":10}",{},yes,1
CSNK1E,(GGC)9,9,1,1,100,GGC,pure,"{""GGC"":9}",{},yes,2
CSNK1E,(GGC)8,8,190,98,100,GGC,pure,"{""GGC"":8}",{},yes,3
CSTB,(CCCCGCCCCGCG)3,3,121,88,100,CCCCGCCCCGCG,pure,"{""CCCCGCCCCGCG"":3}",{},yes,1
CSTB,(CCCCGCCCCGCG)2,2,76,66,100,CCCCGCCCCGCG,pure,"{""CCCCGCCCCGCG"":2}",{},yes,2
DIP2B,(GGC)28(GGT)1(GGC)1,30,1,1,100,GGC,interrupted,"{""GGC"":29,""GGT"":1}","{""GGT"":1}",yes,1
DIP2B,(GGC)27,27,1,1,100,GGC,pure,"{""GGC"":27}",{},yes,2
DIP2B,(GGC)25,25,1,1,100,GGC,pure,"{""GGC"":25}",{},yes,3
DIP2B,(GGC)23,23,1,1,100,GGC,pure,"{""GGC"":23}",{},yes,4
DIP2B,(GGC)22,22,3,3,100,GGC,pure,"{""GGC"":22}",{},yes,5
DIP2B,(GGC)21,21,1,1,100,GGC,pure,"{""GGC"":21}",{},yes,6
DIP2B,(GGC)20,20,3,3,100,GGC,pure,"{""GGC"":20}",{},yes,7
DIP2B,(GGC)19,19,1,1,100,GGC,pure,"{""GGC"":19}",{},yes,8
DIP2B,(GGC)18,18,3,3,100,GGC,pure,"{""GGC"":18}",{},yes,9
DIP2B,(GGC)17,17,4,4,100,GGC,pure,"{""GGC"":17}",{},yes,10
DIP2B,(GGC)16,16,5,5,100,GGC,pure,"{""GGC"":16}",{},yes,11
DIP2B,(GGC)15,15,3,3,100,GGC,pure,"{""GGC"":15}",{},yes,12
DIP2B,(GGC)14,14,1,1,100,GGC,pure,"{""GGC"":14}",{},yes,13
DIP2B,(GGC)13,13,8,8,100,GGC,pure,"{""GGC"":13}",{},yes,14
DIP2B,(GGC)12,12,1,1,100,GGC,pure,"{""GGC"":12}",{},yes,15
DIP2B,(GGC)11,11,1,1,100,GGC,pure,"{""GGC"":11}",{},yes,16
DIP2B,(GGC)9,9,11,11,100,GGC,pure,"{""GGC"":9}",{},yes,17
DIP2B,(GGC)8,8,5,5,100,GGC,pure,"{""GGC"":8}",{},yes,18
DIP2B,(GGC)7,7,144,93,100,GGC,pure,"{""GGC"":7}",{},yes,19
DMD,(GAA)28,28,1,1,85,GAA,pure,"{""GAA"":28}",{},yes,1
DMD,(GAA)27,27,1,1,85,GAA,pure,"{""GAA"":27}",{},yes,2
DMD,(GAA)26,26,2,2,85,GAA,pure,"{""GAA"":26}",{},yes,3
DMD,(GAA)25,25,6,6,85,GAA,pure,"{""GAA"":25}",{},yes,4
DMD,(GAA)24,24,5,5,85,GAA,pure,"{""GAA"":24}",{},yes,5
DMD,(GAA)23,23,8,8,85,GAA,pure,"{""GAA"":23}",{},yes,6
DMD,(GAA)22,22,13,13,85,GAA,pure,"{""GAA"":22}",{},yes,7
DMD,(GAA)21,21,10,9,85,GAA,pure,"{""GAA"":21}",{},yes,8
DMD,(GAA)20,20,9,9,85,GAA,pure,"{""GAA"":20}",{},yes,9
DMD,(GAA)19,19,5,5,85,GAA,pure,"{""GAA"":19}",{},yes,10
DMD,(GAA)18,18,5,5,85,GAA,pure,"{""GAA"":18}",{},yes,11
DMD,(GAA)17,17,7,7,85,GAA,pure,"{""GAA"":17}",{},yes,12
DMD,(GAA)16,16,1,1,85,GAA,pure,"{""GAA"":16}",{},yes,13
DMD,(GAA)15,15,9,9,85,GAA,pure,"{""GAA"":15}",{},yes,14
DMD,(GAA)14,14,2,2,85,GAA,pure,"{""GAA"":14}",{},yes,15
DMD,(GAA)13,13,8,8,85,GAA,pure,"{""GAA"":13}",{},yes,16
DMD,(GAA)12,12,20,18,85,GAA,pure,"{""GAA"":12}",{},yes,17
DMD,(GAA)11,11,7,7,85,GAA,pure,"{""GAA"":11}",{},yes,18
DMD,(GAA)8,8,2,2,85,GAA,pure,"{""GAA"":8}",{},yes,19
DMPK,(CTG)27,27,2,2,100,CTG,pure,"{""CTG"":27}",{},yes,1
DMPK,(CTG)26,26,2,2,100,CTG,pure,"{""CTG"":26}",{},yes,2
DMPK,(CTG)25,25,2,2,100,CTG,pure,"{""CTG"":25}",{},yes,3
DMPK,(CTG)24,24,1,1,100,CTG,pure,"{""CTG"":24}",{},yes,4
DMPK,(CTG)23,23,3,3,100,CTG,pure,"{""CTG"":23}",{},yes,5
DMPK,(CTG)22,22,2,2,100,CTG,pure,"{""CTG"":22}",{},yes,6
DMPK,(CTG)21,21,3,3,100,CTG,pure,"{""CTG"":21}",{},yes,7
DMPK,(CTG)20,20,1,1,100,CTG,pure,"{""CTG"":20}",{},yes,8
DMPK,(CTG)18,18,1,1,100,CTG,pure,"{""CTG"":18}",{},yes,9
DMPK,(CTG)14,14,14,14,100,CTG,pure,"{""CTG"":14}",{},yes,10
DMPK,(CTG)13,13,30,27,100,CTG,pure,"{""CTG"":13}",{},yes,11
DMPK,(CTG)12,12,32,28,100,CTG,pure,"{""CTG"":12}",{},yes,12
DMPK,(CTG)11,11,37,32,100,CTG,pure,"{""CTG"":11}",{},yes,13
DMPK,(CTG)10,10,5,5,100,CTG,pure,"{""CTG"":10}",{},yes,14
DMPK,(CTG)8,8,2,2,100,CTG,pure,"{""CTG"":8}",{},yes,15
DMPK,(CTG)7,7,3,3,100,CTG,pure,"{""CTG"":7}",{},yes,16
DMPK,(CTG)5,5,58,48,100,CTG,pure,"{""CTG"":5}",{},yes,17
EIF4A3,(TCGGCAGCGGCACAGCGAGG)6,6,2,2,70,TCGGCAGCGGCACAGCGAGG,pure,"{""TCGGCAGCGGCACAGCGAGG"":6}",{},yes,1
EIF4A3,(TCGGCAGCGGCACAGCGAGG)5,5,39,32,70,TCGGCAGCGGCACAGCGAGG,pure,"{""TCGGCAGCGGCACAGCGAGG"":5}",{},yes,2
EIF4A3,(TCGGCAGCGGCACAGCGAGG)1(TCGGCAGCGGCACGGCGAGG)3,4,1,1,70,TCGGCAGCGGCACAGCGAGG,interrupted,"{""TCGGCAGCGGCACAGCGAGG"":1,""TCGGCAGCGGCACGGCGAGG"":3}","{""TCGGCAGCGGCACGGCGAGG"":3}",yes,3
EIF4A3,(TCGGCAGCGGCACAGCGAGG)4,4,35,33,70,TCGGCAGCGGCACAGCGAGG,pure,"{""TCGGCAGCGGCACAGCGAGG"":4}",{},yes,4
EIF4A3,(TCGGCAGCGGCACAGAGAGG)1(TCGGCAGCGGCACAGCGAGG)2,3,1,1,70,TCGGCAGCGGCACAGCGAGG,interrupted,"{""TCGGCAGCGGCACAGAGAGG"":1,""TCGGCAGCGGCACAGCGAGG"":2}","{""TCGGCAGCGGCACAGAGAGG"":1}",yes,5
EIF4A3,(TCGGCAGCGGCACAGCGAGG)3,3,15,13,70,TCGGCAGCGGCACAGCGAGG,pure,"{""TCGGCAGCGGCACAGCGAGG"":3}",{},yes,6
EIF4A3,(TCGGCAGCGGCACAGCGAGG)2,2,1,1,70,TCGGCAGCGGCACAGCGAGG,pure,"{""TCGGCAGCGGCACAGCGAGG"":2}",{},yes,7
EP400,(CAG)11(CAA)2(CAG)14(CAA)1(CAG)4(CAA)1(CAG)1,34,2,1,97,CAG,interrupted,"{""CAA"":4,""CAG"":30}","{""CAA"":4}",yes,1
EP400,(CAG)6(CAA)2(CAG)18(CAA)1(CAG)4(CAA)1(CAG)1,33,3,3,97,CAG,interrupted,"{""CAA"":4,""CAG"":29}","{""CAA"":4}",yes,2
EP400,(CAG)6(CAA)2(CAG)17(CAA)1(CAG)4(CAA)1(CAG)1,32,3,3,97,CAG,interrupted,"{""CAA"":4,""CAG"":28}","{""CAA"":4}",yes,3
EP400,(CAG)6(CAA)2(CAG)16(CAA)1(CAG)4(CAA)1(CAG)1,31,3,2,97,CAG,interrupted,"{""CAA"":4,""CAG"":27}","{""CAA"":4}",yes,4
EP400,(CAG)7(CAA)1(CAG)16(CAA)1(CAG)4(CAA)1(CAG)1,31,9,9,97,CAG,interrupted,"{""CAA"":3,""CAG"":28}","{""CAA"":3}",yes,5
EP400,(CAG)7(CAA)2(CAG)14(CAA)1(CAG)5(CAA)1(CAG)1,31,1,1,97,CAG,interrupted,"{""CAA"":4,""CAG"":27}","{""CAA"":4}",yes,6
EP400,(CAG)7(CAA)2(CAG)15(CAA)1(CAG)4(CAA)1(CAG)1,31,4,4,97,CAG,interrupted,"{""CAA"":4,""CAG"":27}","{""CAA"":4}",yes,7
EP400,(CAG)8(CAA)2(CAG)14(CAA)1(CAG)4(CAA)1(CAG)1,31,2,2,97,CAG,interrupted,"{""CAA"":4,""CAG"":27}","{""CAA"":4}",yes,8
EP400,(CAG)6(CAA)2(CAG)15(CAA)1(CAG)4(CAA)1(CAG)1,30,27,24,97,CAG,interrupted,"{""CAA"":4,""CAG"":26}","{""CAA"":4}",yes,9
EP400,(CAG)7(CAA)1(CAG)15(CAA)1(CAG)4(CAA)1(CAG)1,30,18,18,97,CAG,interrupted,"{""CAA"":3,""CAG"":27}","{""CAA"":3}",yes,10
EP400,(CAG)7(CAA)2(CAG)14(CAA)1(CAG)4(CAA)1(CAG)1,30,23,21,97,CAG,interrupted,"{""CAA"":4,""CAG"":26}","{""CAA"":4}",yes,11
EP400,(CAG)6(CAA)2(CAG)14(CAA)1(CAG)4(CAA)1(CAG)1,29,66,52,97,CAG,interrupted,"{""CAA"":4,""CAG"":25}","{""CAA"":4}",yes,12
EP400,(CAG)7(CAA)2(CAG)13(CAA)1(CAG)4(CAA)1(CAG)1,29,1,1,97,CAG,interrupted,"{""CAA"":4,""CAG"":25}","{""CAA"":4}",yes,13
EP400,(CAG)22(CAA)1(CAG)4(CAA)1(CAG)1,29,3,2,97,CAG,interrupted,"{""CAA"":2,""CAG"":27}","{""CAA"":2}",yes,14
EP400,(CAG)7(CAA)1(CAG)13(CAA)1(CAG)4(CAA)1(CAG)1,28,2,2,97,CAG,interrupted,"{""CAA"":3,""CAG"":25}","{""CAA"":3}",yes,15
EP400,(CAG)7(CAA)2(CAG)11(CAA)1(CAG)4(CAA)1(CAG)1,27,1,1,97,CAG,interrupted,"{""CAA"":4,""CAG"":23}","{""CAA"":4}",yes,16
EP400,(CAG)6(CAA)2(CAG)10(CAA)1(CAG)4(CAA)1(CAG)1,25,1,1,97,CAG,interrupted,"{""CAA"":4,""CAG"":21}","{""CAA"":4}",yes,17
EP400,(CAG)7(CAA)2(CAG)14(CAA)1(CAG)1,25,2,2,97,CAG,interrupted,"{""CAA"":3,""CAG"":22}","{""CAA"":3}",yes,18
FAM193B,(GCG)12,12,3,2,2,GCG,pure,"{""GCG"":12}",{},yes,1
FMR1,(CGG)9(AGG)1(CGG)9(AGG)1(CGG)14,34,1,1,64,CGG,interrupted,"{""AGG"":2,""CGG"":32}","{""AGG"":2}",yes,1
FMR1,(CGG)10(AGG)1(CGG)23,34,1,1,64,CGG,interrupted,"{""AGG"":1,""CGG"":33}","{""AGG"":1}",yes,2
FMR1,(CGG)9(AGG)1(CGG)12(AGG)1(CGG)9,32,2,2,64,CGG,interrupted,"{""AGG"":2,""CGG"":30}","{""AGG"":2}",yes,3
FMR1,(CGG)9(AGG)1(CGG)22,32,1,1,64,CGG,interrupted,"{""AGG"":1,""CGG"":31}","{""AGG"":1}",yes,4
FMR1,(CGG)10(AGG)1(CGG)9(AGG)1(CGG)11,32,1,1,64,CGG,interrupted,"{""AGG"":2,""CGG"":30}","{""AGG"":2}",yes,5
FMR1,(CGG)22(AGG)1(CGG)9,32,1,1,64,CGG,interrupted,"{""AGG"":1,""CGG"":31}","{""AGG"":1}",yes,6
FMR1,(CGG)9(AGG)1(CGG)21,31,1,1,64,CGG,interrupted,"{""AGG"":1,""CGG"":30}","{""AGG"":1}",yes,7
FMR1,(CGG)10(AGG)1(CGG)9(AGG)1(CGG)10,31,5,5,64,CGG,interrupted,"{""AGG"":2,""CGG"":29}","{""AGG"":2}",yes,8
FMR1,(CGG)10(AGG)1(CGG)10(AGG)1(CGG)9,31,2,2,64,CGG,interrupted,"{""AGG"":2,""CGG"":29}","{""AGG"":2}",yes,9
FMR1,(CGG)10(AGG)1(CGG)20,31,1,1,64,CGG,interrupted,"{""AGG"":1,""CGG"":30}","{""AGG"":1}",yes,10
FMR1,(CGG)9(AGG)1(CGG)9(AGG)1(CGG)10,30,3,2,64,CGG,interrupted,"{""AGG"":2,""CGG"":28}","{""AGG"":2}",yes,11
FMR1,(CGG)10(AGG)1(CGG)9(AGG)1(CGG)9,30,15,15,64,CGG,interrupted,"{""AGG"":2,""CGG"":28}","{""AGG"":2}",yes,12
FMR1,(CGG)10(AGG)1(CGG)19,30,1,1,64,CGG,interrupted,"{""AGG"":1,""CGG"":29}","{""AGG"":1}",yes,13
FMR1,(CGG)9(AGG)1(CGG)9(AGG)1(CGG)9,29,23,21,64,CGG,interrupted,"{""AGG"":2,""CGG"":27}","{""AGG"":2}",yes,14
FMR1,(CGG)9(AGG)1(CGG)19,29,3,3,64,CGG,interrupted,"{""AGG"":1,""CGG"":28}","{""AGG"":1}",yes,15
FMR1,(CGG)19(AGG)1(CGG)9,29,2,2,64,CGG,interrupted,"{""AGG"":1,""CGG"":28}","{""AGG"":1}",yes,16
FMR1,(CGG)10(AGG)1(CGG)15,26,1,1,64,CGG,interrupted,"{""AGG"":1,""CGG"":25}","{""AGG"":1}",yes,17
FMR1,(CGG)16(AGG)1(CGG)9,26,1,1,64,CGG,interrupted,"{""AGG"":1,""CGG"":25}","{""AGG"":1}",yes,18
FMR1,(CGG)10(AGG)1(CGG)14,25,1,1,64,CGG,interrupted,"{""AGG"":1,""CGG"":24}","{""AGG"":1}",yes,19
FMR1,(CGG)14(AGG)1(CGG)9,24,1,1,64,CGG,interrupted,"{""AGG"":1,""CGG"":23}","{""AGG"":1}",yes,20
FMR1,(CGG)12(AGG)1(CGG)10,23,3,3,64,CGG,interrupted,"{""AGG"":1,""CGG"":22}","{""AGG"":1}",yes,21
FMR1,(CGG)13(AGG)1(CGG)9,23,2,2,64,CGG,interrupted,"{""AGG"":1,""CGG"":22}","{""AGG"":1}",yes,22
FMR1,(CGG)9(AGG)1(CGG)12,22,1,1,64,CGG,interrupted,"{""AGG"":1,""CGG"":21}","{""AGG"":1}",yes,23
FMR1,(CGG)21,21,1,1,64,CGG,pure,"{""CGG"":21}",{},yes,24
FMR1,(CGG)10(AGG)1(CGG)9,20,6,6,64,CGG,interrupted,"{""AGG"":1,""CGG"":19}","{""AGG"":1}",yes,25
FMR1,(CGG)18,18,1,1,64,CGG,pure,"{""CGG"":18}",{},yes,26
FOXL2,(GCG)1(GCA)1(GCC)1(GCA)1(GCG)1(GCT)1(GCA)2(GCT)1(GCG)1(GCT)1(GCA)1(GCC)1(GCG)1,14,193,100,100,GCN,pure,"{""GCA"":5,""GCC"":2,""GCG"":4,""GCT"":3}",{},yes,1
FOXL2,(GCG)1(GCA)1(GCC)1(GCG)1(GCT)1(GCA)2(GCT)1(GCG)1(GCT)1(GCA)1(GCC)1(GCG)1,13,2,2,100,GCN,pure,"{""GCA"":4,""GCC"":2,""GCG"":4,""GCT"":3}",{},yes,2
FRA10AC1,(CGG)25,25,2,2,97,CGG,pure,"{""CGG"":25}",{},yes,1
FRA10AC1,(CGG)20,20,1,1,97,CGG,pure,"{""CGG"":20}",{},yes,2
FRA10AC1,(CGG)18,18,1,1,97,CGG,pure,"{""CGG"":18}",{},yes,3
FRA10AC1,(CGG)16,16,2,2,97,CGG,pure,"{""CGG"":16}",{},yes,4
FRA10AC1,(CGG)15,15,1,1,97,CGG,pure,"{""CGG"":15}",{},yes,5
FRA10AC1,(CGG)14,14,2,2,97,CGG,pure,"{""CGG"":14}",{},yes,6
FRA10AC1,(CGG)13,13,2,2,97,CGG,pure,"{""CGG"":13}",{},yes,7
FRA10AC1,(CGG)12,12,3,3,97,CGG,pure,"{""CGG"":12}",{},yes,8
FRA10AC1,(CGG)11,11,2,2,97,CGG,pure,"{""CGG"":11}",{},yes,9
FRA10AC1,(CGG)10,10,5,5,97,CGG,pure,"{""CGG"":10}",{},yes,10
FRA10AC1,(CGG)9,9,3,3,97,CGG,pure,"{""CGG"":9}",{},yes,11
FRA10AC1,(CGG)8,8,71,54,97,CGG,pure,"{""CGG"":8}",{},yes,12
FRA10AC1,(CGG)7,7,70,56,97,CGG,pure,"{""CGG"":7}",{},yes,13
FRA10AC1,(CGG)6,6,1,1,97,CGG,pure,"{""CGG"":6}",{},yes,14
FRA10AC1,(CGG)5,5,16,14,97,CGG,pure,"{""CGG"":5}",{},yes,15
FXN,(GAA)23,23,1,1,87,GAA,pure,"{""GAA"":23}",{},yes,1
FXN,(GAA)21,21,1,1,87,GAA,pure,"{""GAA"":21}",{},yes,2
FXN,(GAA)20,20,1,1,87,GAA,pure,"{""GAA"":20}",{},yes,3
FXN,(GAA)19,19,1,1,87,GAA,pure,"{""GAA"":19}",{},yes,4
FXN,(GAA)18,18,2,2,87,GAA,pure,"{""GAA"":18}",{},yes,5
FXN,(GAA)17,17,1,1,87,GAA,pure,"{""GAA"":17}",{},yes,6
FXN,(GAA)16,16,2,2,87,GAA,pure,"{""GAA"":16}",{},yes,7
FXN,(GAA)15,15,1,1,87,GAA,pure,"{""GAA"":15}",{},yes,8
FXN,(GAA)14,14,1,1,87,GAA,pure,"{""GAA"":14}",{},yes,9
FXN,(GAA)13,13,2,2,87,GAA,pure,"{""GAA"":13}",{},yes,10
FXN,(GAA)10,10,1,1,87,GAA,pure,"{""GAA"":10}",{},yes,11
FXN,(GAA)9,9,62,53,87,GAA,pure,"{""GAA"":9}",{},yes,12
FXN,(GAA)8,8,62,49,87,GAA,pure,"{""GAA"":8}",{},yes,13
FXN,(GAA)6,6,2,2,87,GAA,pure,"{""GAA"":6}",{},yes,14
FXN,(GAA)5,5,2,2,87,GAA,pure,"{""GAA"":5}",{},yes,15
GIPC1,(CGG)29,29,1,1,100,CGG,pure,"{""CGG"":29}",{},yes,1
GIPC1,(CGG)25,25,1,1,100,CGG,pure,"{""CGG"":25}",{},yes,2
GIPC1,(CGG)24,24,1,1,100,CGG,pure,"{""CGG"":24}",{},yes,3
GIPC1,(CGG)19,19,2,2,100,CGG,pure,"{""CGG"":19}",{},yes,4
GIPC1,(CGG)17,17,1,1,100,CGG,pure,"{""CGG"":17}",{},yes,5
GIPC1,(CGG)16,16,1,1,100,CGG,pure,"{""CGG"":16}",{},yes,6
GIPC1,(CGG)15,15,1,1,100,CGG,pure,"{""CGG"":15}",{},yes,7
GIPC1,(CGG)14,14,7,7,100,CGG,pure,"{""CGG"":14}",{},yes,8
GIPC1,(CGG)11(AGG)1(CGG)1,13,1,1,100,CGG,interrupted,"{""AGG"":1,""CGG"":12}","{""AGG"":1}",yes,9
GIPC1,(CGG)13,13,9,9,100,CGG,pure,"{""CGG"":13}",{},yes,10
GIPC1,(CGG)12,12,36,34,100,CGG,pure,"{""CGG"":12}",{},yes,11
GIPC1,(CGG)10(AGG)1,11,1,1,100,CGG,interrupted,"{""AGG"":1,""CGG"":10}","{""AGG"":1}",yes,12
GIPC1,(CGG)11,11,73,60,100,CGG,pure,"{""CGG"":11}",{},yes,13
GIPC1,(CGG)8(CGA)1(CGG)1,10,5,5,100,CGG,interrupted,"{""CGA"":1,""CGG"":9}","{""CGA"":1}",yes,14
GIPC1,(CGG)10,10,46,41,100,CGG,pure,"{""CGG"":10}",{},yes,15
GIPC1,(CGG)8,8,6,6,100,CGG,pure,"{""CGG"":8}",{},yes,16
GIPC1,(CGG)7,7,1,1,100,CGG,pure,"{""CGG"":7}",{},yes,17
GIPC1,(CGG)6,6,1,1,100,CGG,pure,"{""CGG"":6}",{},yes,18
GIPC1,(CGG)5,5,1,1,100,CGG,pure,"{""CGG"":5}",{},yes,19
GLS,(GCA)28,28,1,1,100,GCA,pure,"{""GCA"":28}",{},yes,1
GLS,(GCA)23,23,1,1,100,GCA,pure,"{""GCA"":23}",{},yes,2
GLS,(GCA)21,21,1,1,100,GCA,pure,"{""GCA"":21}",{},yes,3
GLS,(GCA)18(CCA)1(GCA)1,20,1,1,100,GCA,interrupted,"{""CCA"":1,""GCA"":19}","{""CCA"":1}",yes,4
GLS,(GCA)20,20,2,2,100,GCA,pure,"{""GCA"":20}",{},yes,5
GLS,(GCA)17(CCA)1(GCA)1,19,1,1,100,GCA,interrupted,"{""CCA"":1,""GCA"":18}","{""CCA"":1}",yes,6
GLS,(GCA)19,19,4,3,100,GCA,pure,"{""GCA"":19}",{},yes,7
GLS,(GCA)18,18,9,9,100,GCA,pure,"{""GCA"":18}",{},yes,8
GLS,(GCA)17,17,7,7,100,GCA,pure,"{""GCA"":17}",{},yes,9
GLS,(GCA)16,16,18,17,100,GCA,pure,"{""GCA"":16}",{},yes,10
GLS,(GCA)15,15,41,36,100,GCA,pure,"{""GCA"":15}",{},yes,11
GLS,(GCA)14,14,22,18,100,GCA,pure,"{""GCA"":14}",{},yes,12
GLS,(GCA)13,13,5,4,100,GCA,pure,"{""GCA"":13}",{},yes,13
GLS,(GCA)12,12,2,2,100,GCA,pure,"{""GCA"":12}",{},yes,14
GLS,(GCA)11,11,4,4,100,GCA,pure,"{""GCA"":11}",{},yes,15
GLS,(GCA)10,10,6,6,100,GCA,pure,"{""GCA"":10}",{},yes,16
GLS,(GCA)9,9,2,2,100,GCA,pure,"{""GCA"":9}",{},yes,17
GLS,(GCA)8,8,71,56,100,GCA,pure,"{""GCA"":8}",{},yes,18
GLS,(GCA)6,6,1,1,100,GCA,pure,"{""GCA"":6}",{},yes,19
HOXA13_1,(GCG)3(GCT)1(GCA)2(GCG)1(GCT)1(GCA)1(GCG)2(GCA)1(GCT)1(GCC)1,14,2,2,100,GCN,pure,"{""GCA"":4,""GCC"":1,""GCG"":6,""GCT"":3}",{},yes,1
HOXA13_1,(GCG)3(GCT)1(GCA)2(GCG)1(GCT)1(GCA)1(GCG)3(GCT)1(GCC)1,14,171,99,100,GCN,pure,"{""GCA"":3,""GCC"":1,""GCG"":7,""GCT"":3}",{},yes,2
HOXA13_2,(GCG)3(GCC)1(GCG)1(GCT)1(GCG)3(GCC)1(GCG)1(GCT)1(GCG)3(GCC)1(GCG)1(GCC)1,18,1,1,99,GCN,pure,"{""GCC"":4,""GCG"":12,""GCT"":2}",{},yes,1
HOXA13_2,(GCG)3(GCC)1(GCG)1(GCT)1(GCG)3(GCC)1(GCG)1(GCC)1,12,176,99,99,GCN,pure,"{""GCC"":3,""GCG"":8,""GCT"":1}",{},yes,2
HOXA13_3,(GCT)1(GCC)2(GCT)2(GCC)1(GCG)1(GCT)1(GCC)1(GCT)1(GCA)1(GCC)6(GCG)1,18,170,99,99,GCN,pure,"{""GCA"":1,""GCC"":10,""GCG"":2,""GCT"":5}",{},yes,1
HOXA13_3,(GCT)1(GCC)2(GCT)1(GCA)1(GCC)6(GCG)1,12,2,2,99,GCN,pure,"{""GCA"":1,""GCC"":8,""GCG"":1,""GCT"":2}",{},yes,2
HOXD13,(GCG)4(GCA)1(GCG)2(GCT)1(GCG)3(GCA)1(GCG)1(GCA)1(GCC)1,15,95,68,100,GCG,interrupted,"{""GCA"":3,""GCC"":1,""GCG"":10,""GCT"":1}","{""GCA"":3,""GCC"":1,""GCT"":1}",yes,1
HOXD13,(GCG)4(GCA)1(GCG)2(GCT)1(GCG)5(GCA)1(GCC)1,15,101,73,100,GCG,interrupted,"{""GCA"":2,""GCC"":1,""GCG"":11,""GCT"":1}","{""GCA"":2,""GCC"":1,""GCT"":1}",yes,2
HTT,(CAG)26(CAA)1(CAG)1,28,1,1,92,CAG,interrupted,"{""CAA"":1,""CAG"":27}","{""CAA"":1}",yes,1
HTT,(CAG)26,26,1,1,92,CAG,pure,"{""CAG"":26}",{},yes,2
HTT,(CAG)25,25,1,1,92,CAG,pure,"{""CAG"":25}",{},yes,3
HTT,(CAG)24,24,1,1,92,CAG,pure,"{""CAG"":24}",{},yes,4
HTT,(CAG)23,23,3,3,92,CAG,pure,"{""CAG"":23}",{},yes,5
HTT,(CAG)22,22,5,5,92,CAG,pure,"{""CAG"":22}",{},yes,6
HTT,(CAG)21,21,8,8,92,CAG,pure,"{""CAG"":21}",{},yes,7
HTT,(CAG)20,20,7,7,92,CAG,pure,"{""CAG"":20}",{},yes,8
HTT,(CAG)17(CAA)1(CAG)1,19,2,2,92,CAG,interrupted,"{""CAA"":1,""CAG"":18}","{""CAA"":1}",yes,9
HTT,(CAG)19,19,18,17,92,CAG,pure,"{""CAG"":19}",{},yes,10
HTT,(CAG)18,18,27,24,92,CAG,pure,"{""CAG"":18}",{},yes,11
HTT,(CAG)15(CAA)1(CAG)1,17,3,3,92,CAG,interrupted,"{""CAA"":1,""CAG"":16}","{""CAA"":1}",yes,12
HTT,(CAG)17,17,46,37,92,CAG,pure,"{""CAG"":17}",{},yes,13
HTT,(CAG)16,16,14,13,92,CAG,pure,"{""CAG"":16}",{},yes,14
HTT,(CAG)15,15,17,17,92,CAG,pure,"{""CAG"":15}",{},yes,15
HTT,(CAG)14,14,2,2,92,CAG,pure,"{""CAG"":14}",{},yes,16
HTT,(CAG)13,13,1,1,92,CAG,pure,"{""CAG"":13}",{},yes,17
HTT,(CAG)10,10,1,1,92,CAG,pure,"{""CAG"":10}",{},yes,18
HTT,(CAG)9,9,1,1,92,CAG,pure,"{""CAG"":9}",{},yes,19
JPH3,(CTG)26,26,1,1,100,CTG,pure,"{""CTG"":26}",{},yes,1
JPH3,(CTG)21,21,1,1,100,CTG,pure,"{""CTG"":21}",{},yes,2
JPH3,(CTG)19,19,2,2,100,CTG,pure,"{""CTG"":19}",{},yes,3
JPH3,(CTG)18,18,7,6,100,CTG,pure,"{""CTG"":18}",{},yes,4
JPH3,(CTG)17,17,16,16,100,CTG,pure,"{""CTG"":17}",{},yes,5
JPH3,(CTG)16,16,52,48,100,CTG,pure,"{""CTG"":16}",{},yes,6
JPH3,(CTG)15,15,23,22,100,CTG,pure,"{""CTG"":15}",{},yes,7
JPH3,(CTG)14,14,83,64,100,CTG,pure,"{""CTG"":14}",{},yes,8
JPH3,(CTG)13,13,7,7,100,CTG,pure,"{""CTG"":13}",{},yes,9
JPH3,(CTG)12,12,2,2,100,CTG,pure,"{""CTG"":12}",{},yes,10
JPH3,(CTG)11,11,5,5,100,CTG,pure,"{""CTG"":11}",{},yes,11
JPH3,(CTG)5,5,1,1,100,CTG,pure,"{""CTG"":5}",{},yes,12
LRP12,(GCG)16,16,1,1,100,GCG,pure,"{""GCG"":16}",{},yes,1
LRP12,(GCG)15,15,1,1,100,GCG,pure,"{""GCG"":15}",{},yes,2
LRP12,(GCG)12(TCG)1(GCG)1,14,1,1,100,GCG,interrupted,"{""GCG"":13,""TCG"":1}","{""TCG"":1}",yes,3
LRP12,(GCG)14,14,5,5,100,GCG,pure,"{""GCG"":14}",{},yes,4
LRP12,(GCG)13,13,4,4,100,GCG,pure,"{""GCG"":13}",{},yes,5
LRP12,(GCG)5(TCG)1(GCG)6,12,1,1,100,GCG,interrupted,"{""GCG"":11,""TCG"":1}","{""TCG"":1}",yes,6
LRP12,(GCG)12,12,46,40,100,GCG,pure,"{""GCG"":12}",{},yes,7
LRP12,(GCG)9(TCG)1(GCG)1,11,3,3,100,GCG,interrupted,"{""GCG"":10,""TCG"":1}","{""TCG"":1}",yes,8
LRP12,(GCG)11,11,1,1,100,GCG,pure,"{""GCG"":11}",{},yes,9
LRP12,(GCG)10,10,16,15,100,GCG,pure,"{""GCG"":10}",{},yes,10
LRP12,(GCG)9,9,31,29,100,GCG,pure,"{""GCG"":9}",{},yes,11
LRP12,(GCG)8,8,54,48,100,GCG,pure,"{""GCG"":8}",{},yes,12
LRP12,(GCG)7,7,6,5,100,GCG,pure,"{""GCG"":7}",{},yes,13
LRP12,(GCG)6,6,15,14,100,GCG,pure,"{""GCG"":6}",{},yes,14
LRP12,(GCG)5,5,2,2,100,GCG,pure,"{""GCG"":5}",{},yes,15
LRP12,(GCG)4,4,2,2,100,GCG,pure,"{""GCG"":4}",{},yes,16
LRP12,(GCG)3,3,7,7,100,GCG,pure,"{""GCG"":3}",{},yes,17
NAXE,(GGGCC)7,7,1,1,100,GGGCC,pure,"{""GGGCC"":7}",{},yes,1
NAXE,(GGGCC)2(GGGTC)1(GGGCC)3,6,2,2,100,GGGCC,interrupted,"{""GGGCC"":5,""GGGTC"":1}","{""GGGTC"":1}",yes,2
NAXE,(GGGCC)6,6,18,17,100,GGGCC,pure,"{""GGGCC"":6}",{},yes,3
NAXE,(GGGTC)1(GGGCC)5,6,1,1,100,GGGCC,interrupted,"{""GGGCC"":5,""GGGTC"":1}","{""GGGTC"":1}",yes,4
NAXE,(GGGCC)5,5,103,74,100,GGGCC,pure,"{""GGGCC"":5}",{},yes,5
NAXE,(GGGTC)1(GGGCC)4,5,61,52,100,GGGCC,interrupted,"{""GGGCC"":4,""GGGTC"":1}","{""GGGTC"":1}",yes,6
NAXE,(GGGCC)4,4,1,1,100,GGGCC,pure,"{""GGGCC"":4}",{},yes,7
NAXE,(GGGTC)1(GCGCC)1(GGGCC)2,4,1,1,100,GGGCC,interrupted,"{""GCGCC"":1,""GGGCC"":2,""GGGTC"":1}","{""GCGCC"":1,""GGGTC"":1}",yes,8
NAXE,(GGGTC)1(GGGCC)3,4,3,3,100,GGGCC,interrupted,"{""GGGCC"":3,""GGGTC"":1}","{""GGGTC"":1}",yes,9
NAXE,(GGGCC)3,3,5,5,100,GGGCC,pure,"{""GGGCC"":3}",{},yes,10
NAXE,(GGGCC)2,2,1,1,100,GGGCC,pure,"{""GGGCC"":2}",{},yes,11
NIPA1,(GCG)10,10,6,6,100,GCG,pure,"{""GCG"":10}",{},yes,1
NIPA1,(GCG)8,8,145,92,100,GCG,pure,"{""GCG"":8}",{},yes,2
NIPA1,(GCG)7,7,47,42,100,GCG,pure,"{""GCG"":7}",{},yes,3
NIPA1,(GCG)6,6,2,2,100,GCG,pure,"{""GCG"":6}",{},yes,4
NOP56,(AGCCTG)1(GGCCTG)11,12,1,1,100,GGCCTG,interrupted,"{""AGCCTG"":1,""GGCCTG"":11}","{""AGCCTG"":1}",yes,1
NOP56,(AGCCTG)1(GGCCTG)8,9,19,17,100,GGCCTG,interrupted,"{""AGCCTG"":1,""GGCCTG"":8}","{""AGCCTG"":1}",yes,2
NOP56,(AGCCTG)1(GGCCTG)3(GGCCCG)1(GGCCTG)3,8,3,3,100,GGCCTG,interrupted,"{""AGCCTG"":1,""GGCCCG"":1,""GGCCTG"":6}","{""AGCCTG"":1,""GGCCCG"":1}",yes,3
NOP56,(AGCCTG)1(GGCCTG)7,8,4,4,100,GGCCTG,interrupted,"{""AGCCTG"":1,""GGCCTG"":7}","{""AGCCTG"":1}",yes,4
NOP56,(AGCCTG)1(GGCCTG)6,7,73,61,100,GGCCTG,interrupted,"{""AGCCTG"":1,""GGCCTG"":6}","{""AGCCTG"":1}",yes,5
NOP56,(AGCCTG)1(GGCCTG)5,6,16,14,100,GGCCTG,interrupted,"{""AGCCTG"":1,""GGCCTG"":5}","{""AGCCTG"":1}",yes,6
NOP56,(AGCCTG)1(GGCCTG)4,5,25,23,100,GGCCTG,interrupted,"{""AGCCTG"":1,""GGCCTG"":4}","{""AGCCTG"":1}",yes,7
NOP56,(AGCCTG)1(GGCCTG)3,4,35,33,100,GGCCTG,interrupted,"{""AGCCTG"":1,""GGCCTG"":3}","{""AGCCTG"":1}",yes,8
NOP56,(GGCCTG)4,4,21,20,100,GGCCTG,pure,"{""GGCCTG"":4}",{},yes,9
NOTCH2NLA,(GGC)19(GGA)1,20,1,1,100,GGC,interrupted,"{""GGA"":1,""GGC"":19}","{""GGA"":1}",yes,1
NOTCH2NLA,(GGC)8,8,3,3,100,GGC,pure,"{""GGC"":8}",{},yes,2
NOTCH2NLA,(GGC)2(CGC)1(GGC)4,7,19,19,100,GGC,interrupted,"{""CGC"":1,""GGC"":6}","{""CGC"":1}",yes,3
NOTCH2NLA,(GGC)7,7,168,99,100,GGC,pure,"{""GGC"":7}",{},yes,4
NOTCH2NLA,(GGC)6,6,6,6,100,GGC,pure,"{""GGC"":6}",{},yes,5
NOTCH2NLC,(GGC)24(GGA)3(GGC)2,29,1,1,98,GGC,interrupted,"{""GGA"":3,""GGC"":26}","{""GGA"":3}",yes,1
NOTCH2NLC,(GGC)24(GGA)2(GGC)2,28,1,1,98,GGC,interrupted,"{""GGA"":2,""GGC"":26}","{""GGA"":2}",yes,2
NOTCH2NLC,(GGC)17(GGA)2(GGC)4(GGA)2(GGC)2,27,3,3,98,GGC,interrupted,"{""GGA"":4,""GGC"":23}","{""GGA"":4}",yes,3
NOTCH2NLC,(GGC)18(GGA)2(GGC)3(GGA)2(GGC)2,27,1,1,98,GGC,interrupted,"{""GGA"":4,""GGC"":23}","{""GGA"":4}",yes,4
NOTCH2NLC,(GGC)22(GGA)3(GGC)2,27,1,1,98,GGC,interrupted,"{""GGA"":3,""GGC"":24}","{""GGA"":3}",yes,5
NOTCH2NLC,(GGC)22(GGA)2(GGC)2,26,6,6,98,GGC,interrupted,"{""GGA"":2,""GGC"":24}","{""GGA"":2}",yes,6
NOTCH2NLC,(GGC)20(GGA)2(GGC)2,24,4,4,98,GGC,interrupted,"{""GGA"":2,""GGC"":22}","{""GGA"":2}",yes,7
NOTCH2NLC,(GGC)19(GGA)2(GGC)2,23,9,7,98,GGC,interrupted,"{""GGA"":2,""GGC"":21}","{""GGA"":2}",yes,8
NOTCH2NLC,(GGC)18(GGA)2(GGC)2,22,18,14,98,GGC,interrupted,"{""GGA"":2,""GGC"":20}","{""GGA"":2}",yes,9
NOTCH2NLC,(GGC)17(GGA)2(GGC)2,21,13,13,98,GGC,interrupted,"{""GGA"":2,""GGC"":19}","{""GGA"":2}",yes,10
NOTCH2NLC,(GGC)15(GGA)3(GGC)2,20,1,1,98,GGC,interrupted,"{""GGA"":3,""GGC"":17}","{""GGA"":3}",yes,11
NOTCH2NLC,(GGC)16(GGA)2(GGC)2,20,27,26,98,GGC,interrupted,"{""GGA"":2,""GGC"":18}","{""GGA"":2}",yes,12
NOTCH2NLC,(GGC)15(GGA)2(GGC)2,19,11,9,98,GGC,interrupted,"{""GGA"":2,""GGC"":17}","{""GGA"":2}",yes,13
NOTCH2NLC,(GGC)15(GGA)3(GGC)1,19,1,1,98,GGC,interrupted,"{""GGA"":3,""GGC"":16}","{""GGA"":3}",yes,14
NOTCH2NLC,(GGC)14(GGA)2(GGC)2,18,15,14,98,GGC,interrupted,"{""GGA"":2,""GGC"":16}","{""GGA"":2}",yes,15
NOTCH2NLC,(GGC)18,18,1,1,98,GGC,pure,"{""GGC"":18}",{},yes,16
NOTCH2NLC,(GGC)13(GGA)2(GGC)2,17,10,10,98,GGC,interrupted,"{""GGA"":2,""GGC"":15}","{""GGA"":2}",yes,17
NOTCH2NLC,(GGC)12(GGA)2(GGC)2,16,4,4,98,GGC,interrupted,"{""GGA"":2,""GGC"":14}","{""GGA"":2}",yes,18
NOTCH2NLC,(GGC)16,16,1,1,98,GGC,pure,"{""GGC"":16}",{},yes,19
NOTCH2NLC,(GGC)10(GGA)4(GGC)1,15,2,2,98,GGC,interrupted,"{""GGA"":4,""GGC"":11}","{""GGA"":4}",yes,20
NOTCH2NLC,(GGC)11(GGA)2(GGC)2,15,2,2,98,GGC,interrupted,"{""GGA"":2,""GGC"":13}","{""GGA"":2}",yes,21
NOTCH2NLC,(GGC)11(GGA)3(GGC)1,15,6,5,98,GGC,interrupted,"{""GGA"":3,""GGC"":12}","{""GGA"":3}",yes,22
NOTCH2NLC,(GGC)9(GGA)4(GGC)1,14,7,6,98,GGC,interrupted,"{""GGA"":4,""GGC"":10}","{""GGA"":4}",yes,23
NOTCH2NLC,(GGC)10(GGA)2(GGC)2,14,3,3,98,GGC,interrupted,"{""GGA"":2,""GGC"":12}","{""GGA"":2}",yes,24
NOTCH2NLC,(GGC)10(GGA)3(GGC)1,14,4,4,98,GGC,interrupted,"{""GGA"":3,""GGC"":11}","{""GGA"":3}",yes,25
NOTCH2NLC,(GGC)9(GGA)2(GGC)2,13,11,10,98,GGC,interrupted,"{""GGA"":2,""GGC"":11}","{""GGA"":2}",yes,26
NOTCH2NLC,(GGC)9(GGA)3(GGC)1,13,13,13,98,GGC,interrupted,"{""GGA"":3,""GGC"":10}","{""GGA"":3}",yes,27
NOTCH2NLC,(GGC)9(GGA)1(GGC)2,12,1,1,98,GGC,interrupted,"{""GGA"":1,""GGC"":11}","{""GGA"":1}",yes,28
NOTCH2NLC,(GGC)7(GGA)1(GGC)2,10,1,1,98,GGC,interrupted,"{""GGA"":1,""GGC"":9}","{""GGA"":1}",yes,29
NUTM2B-AS1,(GGC)17,17,3,3,100,GGC,pure,"{""GGC"":17}",{},yes,1
NUTM2B-AS1,(GGC)15,15,2,2,100,GGC,pure,"{""GGC"":15}",{},yes,2
NUTM2B-AS1,(GGC)14,14,6,6,100,GGC,pure,"{""GGC"":14}",{},yes,3
NUTM2B-AS1,(GGC)13,13,8,8,100,GGC,pure,"{""GGC"":13}",{},yes,4
NUTM2B-AS1,(GGC)11,11,5,4,100,GGC,pure,"{""GGC"":11}",{},yes,5
NUTM2B-AS1,(GGC)10,10,113,77,100,GGC,pure,"{""GGC"":10}",{},yes,6
NUTM2B-AS1,(GGC)9,9,11,10,100,GGC,pure,"{""GGC"":9}",{},yes,7
NUTM2B-AS1,(GGC)7,7,41,37,100,GGC,pure,"{""GGC"":7}",{},yes,8
NUTM2B-AS1,(GGC)5,5,8,8,100,GGC,pure,"{""GGC"":5}",{},yes,9
NUTM2B-AS1,(GGC)3,3,2,2,100,GGC,pure,"{""GGC"":3}",{},yes,10
PABPN1,(GCG)6,6,200,100,100,GCG,pure,"{""GCG"":6}",{},yes,1
PHOX2B,(CGC)1(AGC)3(GGC)3(CGC)1(GGC)1(AGC)1(GGC)4(AGC)1(GGC)1(AGC)1(GGC)2(AGC)1,20,175,97,100,NGC,pure,"{""AGC"":7,""CGC"":2,""GGC"":11}",{},yes,1
PHOX2B,(CGC)1(AGC)3(GGC)3(CGC)1(GGC)1(AGC)1(GGC)4(CGC)1(GGC)1(AGC)1(GGC)2(AGC)1,20,8,7,100,NGC,pure,"{""AGC"":6,""CGC"":3,""GGC"":11}",{},yes,2
PHOX2B,(CGC)1(AGC)3(GGC)3(CGC)1(GGC)1(AGC)2(GGC)3(AGC)1(GGC)1(AGC)1(GGC)2(AGC)1,20,2,2,100,NGC,pure,"{""AGC"":8,""CGC"":2,""GGC"":10}",{},yes,3
PHOX2B,(CGC)1(AGC)3(GGC)3(CGC)1(GGC)1(AGC)2(GGC)3(CGC)1(GGC)1(AGC)1(GGC)2(AGC)1,20,2,2,100,NGC,pure,"{""AGC"":7,""CGC"":3,""GGC"":10}",{},yes,4
PPP2R2B,(AGC)25,25,1,1,100,AGC,pure,"{""AGC"":25}",{},yes,1
PPP2R2B,(AGC)22,22,1,1,100,AGC,pure,"{""AGC"":22}",{},yes,2
PPP2R2B,(AGC)20,20,1,1,100,AGC,pure,"{""AGC"":20}",{},yes,3
PPP2R2B,(AGC)18,18,2,2,100,AGC,pure,"{""AGC"":18}",{},yes,4
PPP2R2B,(AGC)17,17,3,3,100,AGC,pure,"{""AGC"":17}",{},yes,5
PPP2R2B,(AGC)16,16,7,7,100,AGC,pure,"{""AGC"":16}",{},yes,6
PPP2R2B,(AGC)15,15,16,15,100,AGC,pure,"{""AGC"":15}",{},yes,7
PPP2R2B,(AGC)14,14,21,20,100,AGC,pure,"{""AGC"":14}",{},yes,8
PPP2R2B,(AGC)13,13,25,24,100,AGC,pure,"{""AGC"":13}",{},yes,9
PPP2R2B,(AGC)11,11,1,1,100,AGC,pure,"{""AGC"":11}",{},yes,10
PPP2R2B,(AGC)10,10,101,75,100,AGC,pure,"{""AGC"":10}",{},yes,11
PPP2R2B,(AGC)9,9,17,16,100,AGC,pure,"{""AGC"":9}",{},yes,12
PPP2R2B,(AGC)8,8,2,2,100,AGC,pure,"{""AGC"":8}",{},yes,13
PPP2R2B,(AGC)3,3,1,1,100,AGC,pure,"{""AGC"":3}",{},yes,14
PRDM12,(GCC)14,14,3,3,100,GCC,pure,"{""GCC"":14}",{},yes,1
PRDM12,(GCC)13,13,10,10,100,GCC,pure,"{""GCC"":13}",{},yes,2
PRDM12,(GCC)12,12,73,59,100,GCC,pure,"{""GCC"":12}",{},yes,3
PRDM12,(GCC)11,11,103,73,100,GCC,pure,"{""GCC"":11}",{},yes,4
PRDM12,(GCC)8,8,6,6,100,GCC,pure,"{""GCC"":8}",{},yes,5
PRDM12,(GCC)6,6,3,3,100,GCC,pure,"{""GCC"":6}",{},yes,6
PRDM12,(GCC)5,5,1,1,100,GCC,pure,"{""GCC"":5}",{},yes,7
PRE-MIR7-2,(CAAA)4,4,199,100,100,CAAA,pure,"{""CAAA"":4}",{},yes,1
PRE-MIR7-2,(CAAA)3,3,1,1,100,CAAA,pure,"{""CAAA"":3}",{},yes,2
PRNP,(CCTCATGGTGGTGGCTGGGGGCAG)2(CCCCATGGTGGTGGCTGGGGACAG)1(CCTCATGGTGGTGGCTGGGGTCAA)1,4,139,79,85,CCTCATGGTGGTGGCTGGGGGCAG,interrupted,"{""CCCCATGGTGGTGGCTGGGGACAG"":1,""CCTCATGGTGGTGGCTGGGGGCAG"":2,""CCTCATGGTGGTGGCTGGGGTCAA"":1}","{""CCCCATGGTGGTGGCTGGGGACAG"":1,""CCTCATGGTGGTGGCTGGGGTCAA"":1}",yes,1
PRNP,(CCTCATGGTGGTGGCTGGGGGCAG)2(CCCCATGGTGGTGGCTGGGGTCAA)1,3,10,10,85,CCTCATGGTGGTGGCTGGGGGCAG,interrupted,"{""CCCCATGGTGGTGGCTGGGGTCAA"":1,""CCTCATGGTGGTGGCTGGGGGCAG"":2}","{""CCCCATGGTGGTGGCTGGGGTCAA"":1}",yes,2
RILPL1,(GCC)12,12,8,7,100,GCC,pure,"{""GCC"":12}",{},yes,1
RILPL1,(GCC)11,11,2,2,100,GCC,pure,"{""GCC"":11}",{},yes,2
RILPL1,(GCC)8(ACC)1(GCC)1,10,7,6,100,GCC,interrupted,"{""ACC"":1,""GCC"":9}","{""ACC"":1}",yes,3
RILPL1,(GCC)10,10,182,97,100,GCC,pure,"{""GCC"":10}",{},yes,4
RUNX2,(GCG)4(GCT)1(GCG)2(GCA)1(GCG)2(GCT)1(GCG)3,14,16,15,100,GCN,pure,"{""GCA"":1,""GCG"":11,""GCT"":2}",{},yes,1
RUNX2,(GCG)4(GCT)1(GCG)5(GCT)1(GCG)3,14,180,98,100,GCN,pure,"{""GCG"":12,""GCT"":2}",{},yes,2
RUNX2,(GCG)4(GCT)1(GCG)3,8,2,2,100,GCN,pure,"{""GCG"":7,""GCT"":1}",{},yes,3
SOX3,(GCC)1(GCG)1(GCC)4(GCT)1(GCC)1(GCG)1(GCC)1(GCA)1(GCC)1(GCT)1(GCC)2,15,134,99,100,GCN,pure,"{""GCA"":1,""GCC"":10,""GCG"":2,""GCT"":2}",{},yes,1
SOX3,(GCC)1(GCG)1(GCC)4(GCT)1(GCC)1(GCG)1(GCC)3(GCT)1(GCC)2,15,1,1,100,GCN,pure,"{""GCC"":11,""GCG"":2,""GCT"":2}",{},yes,2
SOX3,(GCC)1(GCG)1(GCC)1(GCA)1(GCC)1(GCT)1(GCC)2,8,1,1,100,GCN,pure,"{""GCA"":1,""GCC"":5,""GCG"":1,""GCT"":1}",{},yes,3
TBP,(GCA)4(ACA)3(GCA)11(ACA)1(GCA)1(ACA)1(GCA)18,39,1,1,91,GCA,interrupted,"{""ACA"":5,""GCA"":34}","{""ACA"":5}",yes,1
TBP,(GCA)4(ACA)3(GCA)8(ACA)1(GCA)1(ACA)1(GCA)20,38,1,1,91,GCA,interrupted,"{""ACA"":5,""GCA"":33}","{""ACA"":5}",yes,2
TBP,(GCA)4(ACA)3(GCA)9(ACA)1(GCA)1(ACA)1(GCA)19,38,10,10,91,GCA,interrupted,"{""ACA"":5,""GCA"":33}","{""ACA"":5}",yes,3
TBP,(GCA)4(ACA)3(GCA)9(ACA)1(GCA)21,38,1,1,91,GCA,interrupted,"{""ACA"":4,""GCA"":34}","{""ACA"":4}",yes,4
TBP,(GCA)4(ACA)3(GCA)9(ACA)1(GCA)1(ACA)1(GCA)18,37,14,12,91,GCA,interrupted,"{""ACA"":5,""GCA"":32}","{""ACA"":5}",yes,5
TBP,(GCA)4(ACA)3(GCA)11(ACA)1(GCA)1(ACA)1(GCA)16,37,10,10,91,GCA,interrupted,"{""ACA"":5,""GCA"":32}","{""ACA"":5}",yes,6
TBP,(GCA)4(ACA)3(GCA)7(ACA)1(GCA)1(ACA)1(GCA)19,36,2,2,91,GCA,interrupted,"{""ACA"":5,""GCA"":31}","{""ACA"":5}",yes,7
TBP,(GCA)4(ACA)3(GCA)8(ACA)1(GCA)1(ACA)1(GCA)18,36,1,1,91,GCA,interrupted,"{""ACA"":5,""GCA"":31}","{""ACA"":5}",yes,8
TBP,(GCA)4(ACA)3(GCA)9(ACA)1(GCA)1(ACA)1(GCA)17,36,27,24,91,GCA,interrupted,"{""ACA"":5,""GCA"":31}","{""ACA"":5}",yes,9
TBP,(GCA)4(ACA)3(GCA)8(ACA)1(GCA)1(ACA)1(GCA)17,35,2,2,91,GCA,interrupted,"{""ACA"":5,""GCA"":30}","{""ACA"":5}",yes,10
TBP,(GCA)4(ACA)3(GCA)9(ACA)1(GCA)1(ACA)1(GCA)16,35,31,28,91,GCA,interrupted,"{""ACA"":5,""GCA"":30}","{""ACA"":5}",yes,11
TBP,(GCA)4(ACA)3(GCA)9(ACA)1(GCA)1(ACA)1(GCA)15,34,25,23,91,GCA,interrupted,"{""ACA"":5,""GCA"":29}","{""ACA"":5}",yes,12
TBP,(GCA)4(ACA)3(GCA)9(ACA)1(GCA)1(ACA)1(GCA)14,33,12,12,91,GCA,interrupted,"{""ACA"":5,""GCA"":28}","{""ACA"":5}",yes,13
TBP,(GCA)4(ACA)3(GCA)11(ACA)1(GCA)14,33,1,1,91,GCA,interrupted,"{""ACA"":4,""GCA"":29}","{""ACA"":4}",yes,14
TBP,(GCA)4(ACA)3(GCA)9(ACA)1(GCA)1(ACA)1(GCA)13,32,10,10,91,GCA,interrupted,"{""ACA"":5,""GCA"":27}","{""ACA"":5}",yes,15
TBP,(GCA)4(ACA)3(GCA)9(ACA)1(GCA)1(ACA)1(GCA)12,31,1,1,91,GCA,interrupted,"{""ACA"":5,""GCA"":26}","{""ACA"":5}",yes,16
TBP,(GCA)4(ACA)3(GCA)9(ACA)1(GCA)1(ACA)1(GCA)11,30,1,1,91,GCA,interrupted,"{""ACA"":5,""GCA"":25}","{""ACA"":5}",yes,17
TBP,(GCA)4(ACA)3(GCA)9(ACA)1(GCA)1(ACA)1(GCA)8,27,1,1,91,GCA,interrupted,"{""ACA"":5,""GCA"":22}","{""ACA"":5}",yes,18
TBX1,(GCC)2(GCG)1(GCC)4(GCT)1(GCC)1(GCA)1(GCT)1(GCC)1(GCG)1(GCC)2,15,194,100,100,GCN,pure,"{""GCA"":1,""GCC"":10,""GCG"":2,""GCT"":2}",{},yes,1
TCF4,(CTG)38,38,1,1,99,CTG,pure,"{""CTG"":38}",{},yes,1
TCF4,(CTG)33,33,1,1,99,CTG,pure,"{""CTG"":33}",{},yes,2
TCF4,(CTG)28,28,2,2,99,CTG,pure,"{""CTG"":28}",{},yes,3
TCF4,(CTG)27,27,4,4,99,CTG,pure,"{""CTG"":27}",{},yes,4
TCF4,(CTG)26,26,3,3,99,CTG,pure,"{""CTG"":26}",{},yes,5
TCF4,(CTG)25,25,5,5,99,CTG,pure,"{""CTG"":25}",{},yes,6
TCF4,(CTG)24,24,7,6,99,CTG,pure,"{""CTG"":24}",{},yes,7
TCF4,(CTG)23,23,5,5,99,CTG,pure,"{""CTG"":23}",{},yes,8
TCF4,(CTG)22,22,11,11,99,CTG,pure,"{""CTG"":22}",{},yes,9
TCF4,(CTG)21,21,3,3,99,CTG,pure,"{""CTG"":21}",{},yes,10
TCF4,(CTG)20,20,4,4,99,CTG,pure,"{""CTG"":20}",{},yes,11
TCF4,(CTG)19,19,4,4,99,CTG,pure,"{""CTG"":19}",{},yes,12
TCF4,(CTG)18,18,6,6,99,CTG,pure,"{""CTG"":18}",{},yes,13
TCF4,(CTG)9(GTG)1(CTG)7,17,15,14,99,CTG,interrupted,"{""CTG"":16,""GTG"":1}","{""GTG"":1}",yes,14
TCF4,(CTG)17,17,6,6,99,CTG,pure,"{""CTG"":17}",{},yes,15
TCF4,(CTG)16,16,11,11,99,CTG,pure,"{""CTG"":16}",{},yes,16
TCF4,(CTG)15,15,17,16,99,CTG,pure,"{""CTG"":15}",{},yes,17
TCF4,(CTG)14,14,25,24,99,CTG,pure,"{""CTG"":14}",{},yes,18
TCF4,(CTG)13,13,2,2,99,CTG,pure,"{""CTG"":13}",{},yes,19
TCF4,(CTG)11,11,56,50,99,CTG,pure,"{""CTG"":11}",{},yes,20
THAP11,(CAG)3(CAA)1(CAG)5(CAA)1(CAG)2(CAA)1(CAG)5(CAA)1(CAG)8(CAA)1(CAG)10,38,1,1,99,CAG,interrupted,"{""CAA"":5,""CAG"":33}","{""CAA"":5}",yes,1
THAP11,(CAG)3(CAA)1(CAG)5(CAA)1(CAG)2(CAA)1(CAG)5(CAA)1(CAG)11,30,2,2,99,CAG,interrupted,"{""CAA"":4,""CAG"":26}","{""CAA"":4}",yes,2
THAP11,(CAG)3(CAA)1(CAG)5(CAA)1(CAG)2(CAA)1(CAG)5(CAA)1(CAG)10,29,114,78,99,CAG,interrupted,"{""CAA"":4,""CAG"":25}","{""CAA"":4}",yes,3
THAP11,(CAG)3(CAA)1(CAG)5(CAA)1(CAG)2(CAA)1(CAG)5(CAA)1(CAG)9,28,45,41,99,CAG,interrupted,"{""CAA"":4,""CAG"":24}","{""CAA"":4}",yes,4
THAP11,(CAG)9(CAA)1(CAG)2(CAA)1(CAG)5(CAA)1(CAG)9,28,3,3,99,CAG,interrupted,"{""CAA"":3,""CAG"":25}","{""CAA"":3}",yes,5
THAP11,(CAG)3(CAA)1(CAG)5(CAA)1(CAG)2(CAA)1(CAG)5(CAA)1(CAG)7,26,1,1,99,CAG,interrupted,"{""CAA"":4,""CAG"":22}","{""CAA"":4}",yes,6
THAP11,(CAG)3(CAA)1(CAG)5(CAA)1(CAG)5(CAA)1(CAG)10,26,2,2,99,CAG,interrupted,"{""CAA"":3,""CAG"":23}","{""CAA"":3}",yes,7
THAP11,(CAG)3(CAA)1(CAG)5(CAA)1(CAG)5(CAA)1(CAG)9,25,1,1,99,CAG,interrupted,"{""CAA"":3,""CAG"":22}","{""CAA"":3}",yes,8
THAP11,(CAG)3(CAA)1(CAG)5(CAA)1(CAG)2(CAA)1(CAG)8,21,2,2,99,CAG,interrupted,"{""CAA"":3,""CAG"":18}","{""CAA"":3}",yes,9
TMEM185A,(GCG)26,26,1,1,99,GCG,pure,"{""GCG"":26}",{},yes,1
TMEM185A,(GCG)20,20,2,2,99,GCG,pure,"{""GCG"":20}",{},yes,2
TMEM185A,(GCG)19,19,1,1,99,GCG,pure,"{""GCG"":19}",{},yes,3
TMEM185A,(GCG)18,18,1,1,99,GCG,pure,"{""GCG"":18}",{},yes,4
TMEM185A,(GCG)17,17,1,1,99,GCG,pure,"{""GCG"":17}",{},yes,5
TMEM185A,(GCG)16,16,6,6,99,GCG,pure,"{""GCG"":16}",{},yes,6
TMEM185A,(GCG)15,15,7,7,99,GCG,pure,"{""GCG"":15}",{},yes,7
TMEM185A,(GCG)13,13,3,3,99,GCG,pure,"{""GCG"":13}",{},yes,8
TMEM185A,(GCG)12,12,1,1,99,GCG,pure,"{""GCG"":12}",{},yes,9
TMEM185A,(GCG)9,9,3,2,99,GCG,pure,"{""GCG"":9}",{},yes,10
TMEM185A,(GCG)8,8,70,64,99,GCG,pure,"{""GCG"":8}",{},yes,11
TMEM185A,(GCG)7,7,3,3,99,GCG,pure,"{""GCG"":7}",{},yes,12
TMEM185A,(GCG)6,6,33,31,99,GCG,pure,"{""GCG"":6}",{},yes,13
TMEM185A,(GCG)4,4,6,6,99,GCG,pure,"{""GCG"":4}",{},yes,14
VWA1,(GGCGCGGAGC)1(GGCGCGCAGC)1,2,1,1,100,GGCGCGGAGC,interrupted,"{""GGCGCGCAGC"":1,""GGCGCGGAGC"":1}","{""GGCGCGCAGC"":1}",yes,1
VWA1,(GGCGCGGAGC)2,2,199,100,100,GGCGCGGAGC,pure,"{""GGCGCGGAGC"":2}",{},yes,2
XYLT1,(GCG)1,1,88,88,88,GGC,interrupted,"{""GCG"":1}","{""GCG"":1}",yes,1
ZFHX3,(GGC)4(GGT)1(GGC)1(AGT)1(GGC)5(GGT)1(GGC)10,23,3,3,100,GGC,interrupted,"{""AGT"":1,""GGC"":20,""GGT"":2}","{""AGT"":1,""GGT"":2}",yes,1
ZFHX3,(GGC)4(GGT)1(GGC)1(AGT)1(GGC)4(GGT)1(GGC)10,22,1,1,100,GGC,interrupted,"{""AGT"":1,""GGC"":19,""GGT"":2}","{""AGT"":1,""GGT"":2}",yes,2
ZFHX3,(GGC)4(GGT)1(GGC)1(AGT)1(GGC)5(GGT)1(GGC)9,22,5,5,100,GGC,interrupted,"{""AGT"":1,""GGC"":19,""GGT"":2}","{""AGT"":1,""GGT"":2}",yes,3
ZFHX3,(GGC)4(GGT)1(GGC)1(AGT)1(GGC)3(GAC)1(GGC)1(GGT)1(GGC)8,21,2,2,100,GGC,interrupted,"{""AGT"":1,""GAC"":1,""GGC"":17,""GGT"":2}","{""AGT"":1,""GAC"":1,""GGT"":2}",yes,4
ZFHX3,(GGC)4(GGT)1(GGC)1(AGT)1(GGC)5(GGT)1(GGC)8,21,154,93,100,GGC,interrupted,"{""AGT"":1,""GGC"":18,""GGT"":2}","{""AGT"":1,""GGT"":2}",yes,5
ZFHX3,(GGC)4(GGT)1(GGC)1(AGT)1(GGC)14,21,2,2,100,GGC,interrupted,"{""AGT"":1,""GGC"":19,""GGT"":1}","{""AGT"":1,""GGT"":1}",yes,6
ZFHX3,(GGC)4(GGT)1(GGC)1(AGT)1(GGC)4(GGT)1(GGC)8,20,2,2,100,GGC,interrupted,"{""AGT"":1,""GGC"":17,""GGT"":2}","{""AGT"":1,""GGT"":2}",yes,7
ZFHX3,(GGC)4(GGT)1(GGC)1(GGT)1(GGC)4(GGT)1(GGC)8,20,2,2,100,GGC,interrupted,"{""GGC"":17,""GGT"":3}","{""GGT"":3}",yes,8
ZFHX3,(GGC)5(AGT)1(GGC)5(GGT)1(GGC)8,20,2,2,100,GGC,interrupted,"{""AGT"":1,""GGC"":18,""GGT"":1}","{""AGT"":1,""GGT"":1}",yes,9
ZFHX3,(GGC)4(GGT)1(GGC)1(AGT)1(GGC)5(GGT)1(GGC)6,19,1,1,100,GGC,interrupted,"{""AGT"":1,""GGC"":16,""GGT"":2}","{""AGT"":1,""GGT"":2}",yes,10
ZFHX3,(GGC)4(GGT)1(GGC)1(AGT)1(GGC)12,19,1,1,100,GGC,interrupted,"{""AGT"":1,""GGC"":17,""GGT"":1}","{""AGT"":1,""GGT"":1}",yes,11
ZFHX3,(GGC)4(GGT)1(GGC)1(AGT)1(GGC)5(GGT)1(GGC)5,18,4,4,100,GGC,interrupted,"{""AGT"":1,""GGC"":15,""GGT"":2}","{""AGT"":1,""GGT"":2}",yes,12
ZFHX3,(GGC)7(GGT)1(GGC)8,16,1,1,100,GGC,interrupted,"{""GGC"":15,""GGT"":1}","{""GGT"":1}",yes,13
ZFHX3,(GGC)4(GGT)1(GGC)8,13,1,1,100,GGC,interrupted,"{""GGC"":12,""GGT"":1}","{""GGT"":1}",yes,14
ZIC2,(GCG)3(GCA)1(GCG)4(GCT)1(GCG)6(GCC)1(GCG)1,17,1,1,100,GCN,pure,"{""GCA"":1,""GCC"":1,""GCG"":14,""GCT"":1}",{},yes,1
ZIC2,(GCG)3(GCA)1(GCG)5(GCT)1(GCG)4(GCC)1(GCG)1,16,1,1,100,GCN,pure,"{""GCA"":1,""GCC"":1,""GCG"":13,""GCT"":1}",{},yes,2
ZIC2,(GCG)3(GCA)1(GCG)4(GCT)1(GCG)4(GCC)1(GCG)1,15,194,100,100,GCN,pure,"{""GCA"":1,""GCC"":1,""GCG"":12,""GCT"":1}",{},yes,3
ZIC2,(GCG)3(GCA)1(GCG)5(GCC)1(GCG)1,11,1,1,100,GCN,pure,"{""GCA"":1,""GCC"":1,""GCG"":9}",{},yes,4
ZIC2,(GCG)3(GCA)1(GCG)4(GCC)1(GCG)1,10,1,1,100,GCN,pure,"{""GCA"":1,""GCC"":1,""GCG"":8}",{},yes,5
ZIC3,(GCC)9(GCT)1(GCC)1,11,1,1,100,GCC,interrupted,"{""GCC"":10,""GCT"":1}","{""GCT"":1}",yes,1
ZIC3,(GCC)8(GCT)1(GCC)1,10,142,99,100,GCC,interrupted,"{""GCC"":9,""GCT"":1}","{""GCT"":1}",yes,2
ZIC3,(GCC)10,10,1,1,100,GCC,pure,"{""GCC"":10}",{},yes,3
ZNF713,(GCG)27,27,1,1,100,GCG,pure,"{""GCG"":27}",{},yes,1
ZNF713,(GCG)22,22,2,2,100,GCG,pure,"{""GCG"":22}",{},yes,2
ZNF713,(GCG)21,21,2,2,100,GCG,pure,"{""GCG"":21}",{},yes,3
ZNF713,(GCG)20,20,1,1,100,GCG,pure,"{""GCG"":20}",{},yes,4
ZNF713,(GCG)19,19,1,1,100,GCG,pure,"{""GCG"":19}",{},yes,5
ZNF713,(GCG)17,17,1,1,100,GCG,pure,"{""GCG"":17}",{},yes,6
ZNF713,(GCG)16,16,3,3,100,GCG,pure,"{""GCG"":16}",{},yes,7
ZNF713,(GCG)15,15,29,27,100,GCG,pure,"{""GCG"":15}",{},yes,8
ZNF713,(GCG)14,14,3,3,100,GCG,pure,"{""GCG"":14}",{},yes,9
ZNF713,(GCG)13,13,34,28,100,GCG,pure,"{""GCG"":13}",{},yes,10
ZNF713,(GCG)12,12,17,16,100,GCG,pure,"{""GCG"":12}",{},yes,11
ZNF713,(GCG)9(TCG)1(GCG)1,11,20,20,100,GCG,interrupted,"{""GCG"":10,""TCG"":1}","{""TCG"":1}",yes,12
ZNF713,(GCG)11,11,15,14,100,GCG,pure,"{""GCG"":11}",{},yes,13
ZNF713,(GCG)10,10,1,1,100,GCG,pure,"{""GCG"":10}",{},yes,14
ZNF713,(GCG)9,9,59,47,100,GCG,pure,"{""GCG"":9}",{},yes,15
ZNF713,(GCG)7,7,9,8,100,GCG,pure,"{""GCG"":7}",{},yes,16
